State,Year,resident_population,Pop_Unit
AL,2017,4875,Thousand
AL,2016,4865,Thousand
AL,2015,4853,Thousand
AL,2014,4842,Thousand
AL,2013,4830,Thousand
AL,2012,4816,Thousand
AL,2011,4799,Thousand
AL,2010,4785,Thousand
AL,2009,4758,Thousand
AL,2008,4718,Thousand
AL,2007,4673,Thousand
AL,2006,4629,Thousand
AL,2005,4570,Thousand
AL,2004,4531,Thousand
AL,2003,4503,Thousand
AL,2002,4480,Thousand
AL,2001,4468,Thousand
AL,2000,4452,Thousand
AL,1999,4430,Thousand
AL,1998,4405,Thousand
AL,1997,4368,Thousand
AL,1996,4331,Thousand
AL,1995,4297,Thousand
AL,1994,4260,Thousand
AL,1993,4214,Thousand
AL,1992,4154,Thousand
AL,1991,4099,Thousand
AL,1990,4050,Thousand
AL,1989,4030,Thousand
AL,1988,4024,Thousand
AL,1987,4015,Thousand
AL,1986,3992,Thousand
AL,1985,3973,Thousand
AL,1984,3952,Thousand
AL,1983,3934,Thousand
AL,1982,3925,Thousand
AL,1981,3919,Thousand
AL,1980,3900,Thousand
AL,1979,3866,Thousand
AL,1978,3832,Thousand
AL,1977,3780,Thousand
AL,1976,3735,Thousand
AL,1975,3679,Thousand
AL,1974,3626,Thousand
AL,1973,3580,Thousand
AL,1972,3539,Thousand
AL,1971,3497,Thousand
AL,1970,3451,Thousand
AL,1969,3440,Thousand
AL,1968,3446,Thousand
AL,1967,3458,Thousand
AL,1966,3464,Thousand
AL,1965,3443,Thousand
AL,1964,3395,Thousand
AL,1963,3358,Thousand
AL,1962,3323,Thousand
AL,1961,3316,Thousand
AL,1960,3274,Thousand
AK,2017,740,Thousand
AK,2016,742,Thousand
AK,2015,738,Thousand
AK,2014,736,Thousand
AK,2013,737,Thousand
AK,2012,730,Thousand
AK,2011,722,Thousand
AK,2010,714,Thousand
AK,2009,699,Thousand
AK,2008,687,Thousand
AK,2007,680,Thousand
AK,2006,675,Thousand
AK,2005,667,Thousand
AK,2004,659,Thousand
AK,2003,648,Thousand
AK,2002,642,Thousand
AK,2001,634,Thousand
AK,2000,628,Thousand
AK,1999,625,Thousand
AK,1998,620,Thousand
AK,1997,613,Thousand
AK,1996,609,Thousand
AK,1995,604,Thousand
AK,1994,603,Thousand
AK,1993,599,Thousand
AK,1992,589,Thousand
AK,1991,570,Thousand
AK,1990,553,Thousand
AK,1989,547,Thousand
AK,1988,542,Thousand
AK,1987,539,Thousand
AK,1986,544,Thousand
AK,1985,532,Thousand
AK,1984,514,Thousand
AK,1983,488,Thousand
AK,1982,450,Thousand
AK,1981,418,Thousand
AK,1980,405,Thousand
AK,1979,403,Thousand
AK,1978,405,Thousand
AK,1977,403,Thousand
AK,1976,401,Thousand
AK,1975,376,Thousand
AK,1974,341,Thousand
AK,1973,331,Thousand
AK,1972,324,Thousand
AK,1971,316,Thousand
AK,1970,304,Thousand
AK,1969,296,Thousand
AK,1968,285,Thousand
AK,1967,278,Thousand
AK,1966,271,Thousand
AK,1965,271,Thousand
AK,1964,263,Thousand
AK,1963,256,Thousand
AK,1962,246,Thousand
AK,1961,238,Thousand
AK,1960,229,Thousand
AZ,2017,7049,Thousand
AZ,2016,6945,Thousand
AZ,2015,6834,Thousand
AZ,2014,6734,Thousand
AZ,2013,6635,Thousand
AZ,2012,6557,Thousand
AZ,2011,6473,Thousand
AZ,2010,6408,Thousand
AZ,2009,6343,Thousand
AZ,2008,6280,Thousand
AZ,2007,6168,Thousand
AZ,2006,6029,Thousand
AZ,2005,5839,Thousand
AZ,2004,5652,Thousand
AZ,2003,5510,Thousand
AZ,2002,5396,Thousand
AZ,2001,5273,Thousand
AZ,2000,5161,Thousand
AZ,1999,5024,Thousand
AZ,1998,4883,Thousand
AZ,1997,4737,Thousand
AZ,1996,4587,Thousand
AZ,1995,4432,Thousand
AZ,1994,4245,Thousand
AZ,1993,4065,Thousand
AZ,1992,3916,Thousand
AZ,1991,3789,Thousand
AZ,1990,3684,Thousand
AZ,1989,3622,Thousand
AZ,1988,3535,Thousand
AZ,1987,3437,Thousand
AZ,1986,3308,Thousand
AZ,1985,3184,Thousand
AZ,1984,3067,Thousand
AZ,1983,2969,Thousand
AZ,1982,2890,Thousand
AZ,1981,2810,Thousand
AZ,1980,2738,Thousand
AZ,1979,2636,Thousand
AZ,1978,2515,Thousand
AZ,1977,2425,Thousand
AZ,1976,2346,Thousand
AZ,1975,2285,Thousand
AZ,1974,2223,Thousand
AZ,1973,2124,Thousand
AZ,1972,2008,Thousand
AZ,1971,1896,Thousand
AZ,1970,1792,Thousand
AZ,1969,1737,Thousand
AZ,1968,1682,Thousand
AZ,1967,1646,Thousand
AZ,1966,1614,Thousand
AZ,1965,1584,Thousand
AZ,1964,1556,Thousand
AZ,1963,1521,Thousand
AZ,1962,1471,Thousand
AZ,1961,1407,Thousand
AZ,1960,1321,Thousand
AR,2017,3003,Thousand
AR,2016,2990,Thousand
AR,2015,2978,Thousand
AR,2014,2968,Thousand
AR,2013,2960,Thousand
AR,2012,2952,Thousand
AR,2011,2940,Thousand
AR,2010,2922,Thousand
AR,2009,2897,Thousand
AR,2008,2875,Thousand
AR,2007,2849,Thousand
AR,2006,2822,Thousand
AR,2005,2781,Thousand
AR,2004,2750,Thousand
AR,2003,2725,Thousand
AR,2002,2706,Thousand
AR,2001,2692,Thousand
AR,2000,2679,Thousand
AR,1999,2652,Thousand
AR,1998,2626,Thousand
AR,1997,2601,Thousand
AR,1996,2572,Thousand
AR,1995,2535,Thousand
AR,1994,2494,Thousand
AR,1993,2456,Thousand
AR,1992,2416,Thousand
AR,1991,2383,Thousand
AR,1990,2357,Thousand
AR,1989,2346,Thousand
AR,1988,2343,Thousand
AR,1987,2342,Thousand
AR,1986,2332,Thousand
AR,1985,2327,Thousand
AR,1984,2320,Thousand
AR,1983,2306,Thousand
AR,1982,2294,Thousand
AR,1981,2293,Thousand
AR,1980,2289,Thousand
AR,1979,2271,Thousand
AR,1978,2243,Thousand
AR,1977,2209,Thousand
AR,1976,2170,Thousand
AR,1975,2160,Thousand
AR,1974,2101,Thousand
AR,1973,2059,Thousand
AR,1972,2019,Thousand
AR,1971,1972,Thousand
AR,1970,1932,Thousand
AR,1969,1913,Thousand
AR,1968,1902,Thousand
AR,1967,1901,Thousand
AR,1966,1899,Thousand
AR,1965,1894,Thousand
AR,1964,1897,Thousand
AR,1963,1875,Thousand
AR,1962,1853,Thousand
AR,1961,1806,Thousand
AR,1960,1789,Thousand
CA,2017,39399,Thousand
CA,2016,39209,Thousand
CA,2015,38953,Thousand
CA,2014,38625,Thousand
CA,2013,38281,Thousand
CA,2012,37961,Thousand
CA,2011,37642,Thousand
CA,2010,37321,Thousand
CA,2009,36961,Thousand
CA,2008,36604,Thousand
CA,2007,36250,Thousand
CA,2006,36021,Thousand
CA,2005,35828,Thousand
CA,2004,35575,Thousand
CA,2003,35253,Thousand
CA,2002,34872,Thousand
CA,2001,34479,Thousand
CA,2000,33988,Thousand
CA,1999,33499,Thousand
CA,1998,32988,Thousand
CA,1997,32486,Thousand
CA,1996,32019,Thousand
CA,1995,31697,Thousand
CA,1994,31484,Thousand
CA,1993,31275,Thousand
CA,1992,30975,Thousand
CA,1991,30471,Thousand
CA,1990,29960,Thousand
CA,1989,29218,Thousand
CA,1988,28464,Thousand
CA,1987,27777,Thousand
CA,1986,27102,Thousand
CA,1985,26441,Thousand
CA,1984,25844,Thousand
CA,1983,25360,Thousand
CA,1982,24820,Thousand
CA,1981,24286,Thousand
CA,1980,23801,Thousand
CA,1979,23257,Thousand
CA,1978,22836,Thousand
CA,1977,22352,Thousand
CA,1976,21936,Thousand
CA,1975,21538,Thousand
CA,1974,21174,Thousand
CA,1973,20869,Thousand
CA,1972,20585,Thousand
CA,1971,20346,Thousand
CA,1970,20007,Thousand
CA,1969,19711,Thousand
CA,1968,19394,Thousand
CA,1967,19176,Thousand
CA,1966,18858,Thousand
CA,1965,18585,Thousand
CA,1964,18151,Thousand
CA,1963,17668,Thousand
CA,1962,17072,Thousand
CA,1961,16497,Thousand
CA,1960,15870,Thousand
CO,2017,5616,Thousand
CO,2016,5541,Thousand
CO,2015,5452,Thousand
CO,2014,5351,Thousand
CO,2013,5270,Thousand
CO,2012,5194,Thousand
CO,2011,5122,Thousand
CO,2010,5048,Thousand
CO,2009,4972,Thousand
CO,2008,4890,Thousand
CO,2007,4804,Thousand
CO,2006,4720,Thousand
CO,2005,4632,Thousand
CO,2004,4575,Thousand
CO,2003,4529,Thousand
CO,2002,4490,Thousand
CO,2001,4426,Thousand
CO,2000,4327,Thousand
CO,1999,4226,Thousand
CO,1998,4117,Thousand
CO,1997,4018,Thousand
CO,1996,3920,Thousand
CO,1995,3827,Thousand
CO,1994,3724,Thousand
CO,1993,3614,Thousand
CO,1992,3496,Thousand
CO,1991,3387,Thousand
CO,1990,3308,Thousand
CO,1989,3276,Thousand
CO,1988,3262,Thousand
CO,1987,3260,Thousand
CO,1986,3237,Thousand
CO,1985,3209,Thousand
CO,1984,3170,Thousand
CO,1983,3134,Thousand
CO,1982,3062,Thousand
CO,1981,2978,Thousand
CO,1980,2909,Thousand
CO,1979,2849,Thousand
CO,1978,2767,Thousand
CO,1977,2696,Thousand
CO,1976,2632,Thousand
CO,1975,2586,Thousand
CO,1974,2541,Thousand
CO,1973,2496,Thousand
CO,1972,2405,Thousand
CO,1971,2304,Thousand
CO,1970,2223,Thousand
CO,1969,2166,Thousand
CO,1968,2120,Thousand
CO,1967,2053,Thousand
CO,1966,2007,Thousand
CO,1965,1985,Thousand
CO,1964,1970,Thousand
CO,1963,1936,Thousand
CO,1962,1899,Thousand
CO,1961,1844,Thousand
CO,1960,1769,Thousand
CT,2017,3574,Thousand
CT,2016,3579,Thousand
CT,2015,3588,Thousand
CT,2014,3595,Thousand
CT,2013,3595,Thousand
CT,2012,3594,Thousand
CT,2011,3588,Thousand
CT,2010,3579,Thousand
CT,2009,3562,Thousand
CT,2008,3546,Thousand
CT,2007,3527,Thousand
CT,2006,3517,Thousand
CT,2005,3507,Thousand
CT,2004,3496,Thousand
CT,2003,3484,Thousand
CT,2002,3459,Thousand
CT,2001,3433,Thousand
CT,2000,3412,Thousand
CT,1999,3386,Thousand
CT,1998,3365,Thousand
CT,1997,3349,Thousand
CT,1996,3337,Thousand
CT,1995,3324,Thousand
CT,1994,3316,Thousand
CT,1993,3309,Thousand
CT,1992,3301,Thousand
CT,1991,3303,Thousand
CT,1990,3292,Thousand
CT,1989,3283,Thousand
CT,1988,3272,Thousand
CT,1987,3247,Thousand
CT,1986,3224,Thousand
CT,1985,3201,Thousand
CT,1984,3180,Thousand
CT,1983,3162,Thousand
CT,1982,3139,Thousand
CT,1981,3129,Thousand
CT,1980,3113,Thousand
CT,1979,3096,Thousand
CT,1978,3092,Thousand
CT,1977,3086,Thousand
CT,1976,3083,Thousand
CT,1975,3082,Thousand
CT,1974,3074,Thousand
CT,1973,3068,Thousand
CT,1972,3069,Thousand
CT,1971,3061,Thousand
CT,1970,3041,Thousand
CT,1969,3000,Thousand
CT,1968,2964,Thousand
CT,1967,2935,Thousand
CT,1966,2903,Thousand
CT,1965,2857,Thousand
CT,1964,2798,Thousand
CT,1963,2727,Thousand
CT,1962,2647,Thousand
CT,1961,2586,Thousand
CT,1960,2544,Thousand
DE,2017,957,Thousand
DE,2016,949,Thousand
DE,2015,941,Thousand
DE,2014,933,Thousand
DE,2013,924,Thousand
DE,2012,915,Thousand
DE,2011,907,Thousand
DE,2010,900,Thousand
DE,2009,892,Thousand
DE,2008,884,Thousand
DE,2007,872,Thousand
DE,2006,859,Thousand
DE,2005,845,Thousand
DE,2004,831,Thousand
DE,2003,818,Thousand
DE,2002,806,Thousand
DE,2001,796,Thousand
DE,2000,786,Thousand
DE,1999,775,Thousand
DE,1998,763,Thousand
DE,1997,751,Thousand
DE,1996,741,Thousand
DE,1995,730,Thousand
DE,1994,718,Thousand
DE,1993,706,Thousand
DE,1992,695,Thousand
DE,1991,683,Thousand
DE,1990,670,Thousand
DE,1989,658,Thousand
DE,1988,648,Thousand
DE,1987,637,Thousand
DE,1986,628,Thousand
DE,1985,618,Thousand
DE,1984,612,Thousand
DE,1983,605,Thousand
DE,1982,599,Thousand
DE,1981,596,Thousand
DE,1980,595,Thousand
DE,1979,595,Thousand
DE,1978,595,Thousand
DE,1977,592,Thousand
DE,1976,590,Thousand
DE,1975,587,Thousand
DE,1974,581,Thousand
DE,1973,578,Thousand
DE,1972,573,Thousand
DE,1971,565,Thousand
DE,1970,551,Thousand
DE,1969,540,Thousand
DE,1968,534,Thousand
DE,1967,525,Thousand
DE,1966,516,Thousand
DE,1965,507,Thousand
DE,1964,497,Thousand
DE,1963,483,Thousand
DE,1962,469,Thousand
DE,1961,461,Thousand
DE,1960,449,Thousand
DC,2017,696,Thousand
DC,2016,687,Thousand
DC,2015,675,Thousand
DC,2014,663,Thousand
DC,2013,650,Thousand
DC,2012,635,Thousand
DC,2011,620,Thousand
DC,2010,605,Thousand
DC,2009,592,Thousand
DC,2008,580,Thousand
DC,2007,574,Thousand
DC,2006,571,Thousand
DC,2005,567,Thousand
DC,2004,568,Thousand
DC,2003,569,Thousand
DC,2002,573,Thousand
DC,2001,575,Thousand
DC,2000,572,Thousand
DC,1999,570,Thousand
DC,1998,565,Thousand
DC,1997,568,Thousand
DC,1996,572,Thousand
DC,1995,581,Thousand
DC,1994,589,Thousand
DC,1993,595,Thousand
DC,1992,598,Thousand
DC,1991,601,Thousand
DC,1990,605,Thousand
DC,1989,624,Thousand
DC,1988,630,Thousand
DC,1987,637,Thousand
DC,1986,638,Thousand
DC,1985,635,Thousand
DC,1984,633,Thousand
DC,1983,632,Thousand
DC,1982,634,Thousand
DC,1981,637,Thousand
DC,1980,638,Thousand
DC,1979,650,Thousand
DC,1978,665,Thousand
DC,1977,677,Thousand
DC,1976,692,Thousand
DC,1975,707,Thousand
DC,1974,718,Thousand
DC,1973,731,Thousand
DC,1972,742,Thousand
DC,1971,750,Thousand
DC,1970,756,Thousand
DC,1969,762,Thousand
DC,1968,778,Thousand
DC,1967,791,Thousand
DC,1966,791,Thousand
DC,1965,797,Thousand
DC,1964,798,Thousand
DC,1963,798,Thousand
DC,1962,788,Thousand
DC,1961,778,Thousand
DC,1960,765,Thousand
FL,2017,20977,Thousand
FL,2016,20630,Thousand
FL,2015,20224,Thousand
FL,2014,19860,Thousand
FL,2013,19563,Thousand
FL,2012,19326,Thousand
FL,2011,19093,Thousand
FL,2010,18846,Thousand
FL,2009,18653,Thousand
FL,2008,18527,Thousand
FL,2007,18368,Thousand
FL,2006,18167,Thousand
FL,2005,17842,Thousand
FL,2004,17415,Thousand
FL,2003,17004,Thousand
FL,2002,16689,Thousand
FL,2001,16357,Thousand
FL,2000,16048,Thousand
FL,1999,15759,Thousand
FL,1998,15487,Thousand
FL,1997,15186,Thousand
FL,1996,14853,Thousand
FL,1995,14538,Thousand
FL,1994,14239,Thousand
FL,1993,13927,Thousand
FL,1992,13651,Thousand
FL,1991,13370,Thousand
FL,1990,13033,Thousand
FL,1989,12638,Thousand
FL,1988,12306,Thousand
FL,1987,11997,Thousand
FL,1986,11668,Thousand
FL,1985,11351,Thousand
FL,1984,11040,Thousand
FL,1983,10750,Thousand
FL,1982,10471,Thousand
FL,1981,10193,Thousand
FL,1980,9840,Thousand
FL,1979,9426,Thousand
FL,1978,9102,Thousand
FL,1977,8856,Thousand
FL,1976,8667,Thousand
FL,1975,8518,Thousand
FL,1974,8299,Thousand
FL,1973,7914,Thousand
FL,1972,7511,Thousand
FL,1971,7158,Thousand
FL,1970,6848,Thousand
FL,1969,6641,Thousand
FL,1968,6433,Thousand
FL,1967,6242,Thousand
FL,1966,6104,Thousand
FL,1965,5954,Thousand
FL,1964,5781,Thousand
FL,1963,5628,Thousand
FL,1962,5458,Thousand
FL,1961,5243,Thousand
FL,1960,5004,Thousand
GA,2017,10413,Thousand
GA,2016,10305,Thousand
GA,2015,10181,Thousand
GA,2014,10069,Thousand
GA,2013,9973,Thousand
GA,2012,9901,Thousand
GA,2011,9802,Thousand
GA,2010,9712,Thousand
GA,2009,9621,Thousand
GA,2008,9505,Thousand
GA,2007,9350,Thousand
GA,2006,9156,Thousand
GA,2005,8926,Thousand
GA,2004,8769,Thousand
GA,2003,8623,Thousand
GA,2002,8508,Thousand
GA,2001,8377,Thousand
GA,2000,8227,Thousand
GA,1999,8046,Thousand
GA,1998,7864,Thousand
GA,1997,7685,Thousand
GA,1996,7501,Thousand
GA,1995,7328,Thousand
GA,1994,7157,Thousand
GA,1993,6978,Thousand
GA,1992,6817,Thousand
GA,1991,6653,Thousand
GA,1990,6513,Thousand
GA,1989,6411,Thousand
GA,1988,6316,Thousand
GA,1987,6208,Thousand
GA,1986,6085,Thousand
GA,1985,5963,Thousand
GA,1984,5835,Thousand
GA,1983,5728,Thousand
GA,1982,5650,Thousand
GA,1981,5568,Thousand
GA,1980,5486,Thousand
GA,1979,5401,Thousand
GA,1978,5296,Thousand
GA,1977,5220,Thousand
GA,1976,5133,Thousand
GA,1975,5064,Thousand
GA,1974,4999,Thousand
GA,1973,4910,Thousand
GA,1972,4809,Thousand
GA,1971,4712,Thousand
GA,1970,4607,Thousand
GA,1969,4551,Thousand
GA,1968,4482,Thousand
GA,1967,4408,Thousand
GA,1966,4379,Thousand
GA,1965,4332,Thousand
GA,1964,4258,Thousand
GA,1963,4172,Thousand
GA,1962,4086,Thousand
GA,1961,4015,Thousand
GA,1960,3956,Thousand
HI,2017,1424,Thousand
HI,2016,1428,Thousand
HI,2015,1422,Thousand
HI,2014,1415,Thousand
HI,2013,1408,Thousand
HI,2012,1395,Thousand
HI,2011,1379,Thousand
HI,2010,1364,Thousand
HI,2009,1347,Thousand
HI,2008,1332,Thousand
HI,2007,1316,Thousand
HI,2006,1310,Thousand
HI,2005,1293,Thousand
HI,2004,1274,Thousand
HI,2003,1251,Thousand
HI,2002,1240,Thousand
HI,2001,1226,Thousand
HI,2000,1214,Thousand
HI,1999,1210,Thousand
HI,1998,1215,Thousand
HI,1997,1212,Thousand
HI,1996,1204,Thousand
HI,1995,1197,Thousand
HI,1994,1188,Thousand
HI,1993,1173,Thousand
HI,1992,1159,Thousand
HI,1991,1137,Thousand
HI,1990,1113,Thousand
HI,1989,1095,Thousand
HI,1988,1080,Thousand
HI,1987,1068,Thousand
HI,1986,1052,Thousand
HI,1985,1040,Thousand
HI,1984,1028,Thousand
HI,1983,1013,Thousand
HI,1982,994,Thousand
HI,1981,978,Thousand
HI,1980,968,Thousand
HI,1979,953,Thousand
HI,1978,932,Thousand
HI,1977,918,Thousand
HI,1976,904,Thousand
HI,1975,886,Thousand
HI,1974,868,Thousand
HI,1973,852,Thousand
HI,1972,828,Thousand
HI,1971,802,Thousand
HI,1970,774,Thousand
HI,1969,750,Thousand
HI,1968,734,Thousand
HI,1967,723,Thousand
HI,1966,710,Thousand
HI,1965,704,Thousand
HI,1964,700,Thousand
HI,1963,682,Thousand
HI,1962,684,Thousand
HI,1961,659,Thousand
HI,1960,642,Thousand
ID,2017,1719,Thousand
ID,2016,1683,Thousand
ID,2015,1652,Thousand
ID,2014,1631,Thousand
ID,2013,1612,Thousand
ID,2012,1595,Thousand
ID,2011,1584,Thousand
ID,2010,1571,Thousand
ID,2009,1554,Thousand
ID,2008,1534,Thousand
ID,2007,1505,Thousand
ID,2006,1469,Thousand
ID,2005,1428,Thousand
ID,2004,1392,Thousand
ID,2003,1363,Thousand
ID,2002,1340,Thousand
ID,2001,1320,Thousand
ID,2000,1299,Thousand
ID,1999,1276,Thousand
ID,1998,1252,Thousand
ID,1997,1229,Thousand
ID,1996,1203,Thousand
ID,1995,1177,Thousand
ID,1994,1145,Thousand
ID,1993,1109,Thousand
ID,1992,1072,Thousand
ID,1991,1041,Thousand
ID,1990,1012,Thousand
ID,1989,994,Thousand
ID,1988,986,Thousand
ID,1987,985,Thousand
ID,1986,990,Thousand
ID,1985,994,Thousand
ID,1984,991,Thousand
ID,1983,982,Thousand
ID,1982,974,Thousand
ID,1981,962,Thousand
ID,1980,948,Thousand
ID,1979,933,Thousand
ID,1978,911,Thousand
ID,1977,883,Thousand
ID,1976,857,Thousand
ID,1975,832,Thousand
ID,1974,808,Thousand
ID,1973,782,Thousand
ID,1972,763,Thousand
ID,1971,739,Thousand
ID,1970,718,Thousand
ID,1969,707,Thousand
ID,1968,695,Thousand
ID,1967,688,Thousand
ID,1966,689,Thousand
ID,1965,686,Thousand
ID,1964,680,Thousand
ID,1963,683,Thousand
ID,1962,692,Thousand
ID,1961,684,Thousand
ID,1960,671,Thousand
IL,2017,12786,Thousand
IL,2016,12827,Thousand
IL,2015,12864,Thousand
IL,2014,12889,Thousand
IL,2013,12898,Thousand
IL,2012,12884,Thousand
IL,2011,12867,Thousand
IL,2010,12841,Thousand
IL,2009,12797,Thousand
IL,2008,12747,Thousand
IL,2007,12696,Thousand
IL,2006,12644,Thousand
IL,2005,12610,Thousand
IL,2004,12590,Thousand
IL,2003,12556,Thousand
IL,2002,12526,Thousand
IL,2001,12488,Thousand
IL,2000,12434,Thousand
IL,1999,12359,Thousand
IL,1998,12272,Thousand
IL,1997,12186,Thousand
IL,1996,12102,Thousand
IL,1995,12008,Thousand
IL,1994,11913,Thousand
IL,1993,11810,Thousand
IL,1992,11694,Thousand
IL,1991,11569,Thousand
IL,1990,11453,Thousand
IL,1989,11410,Thousand
IL,1988,11390,Thousand
IL,1987,11391,Thousand
IL,1986,11387,Thousand
IL,1985,11400,Thousand
IL,1984,11412,Thousand
IL,1983,11409,Thousand
IL,1982,11423,Thousand
IL,1981,11443,Thousand
IL,1980,11435,Thousand
IL,1979,11397,Thousand
IL,1978,11413,Thousand
IL,1977,11386,Thousand
IL,1976,11343,Thousand
IL,1975,11292,Thousand
IL,1974,11262,Thousand
IL,1973,11251,Thousand
IL,1972,11252,Thousand
IL,1971,11202,Thousand
IL,1970,11128,Thousand
IL,1969,11039,Thousand
IL,1968,10995,Thousand
IL,1967,10947,Thousand
IL,1966,10836,Thousand
IL,1965,10693,Thousand
IL,1964,10580,Thousand
IL,1963,10402,Thousand
IL,1962,10280,Thousand
IL,1961,10130,Thousand
IL,1960,10086,Thousand
IN,2017,6660,Thousand
IN,2016,6633,Thousand
IN,2015,6608,Thousand
IN,2014,6594,Thousand
IN,2013,6568,Thousand
IN,2012,6538,Thousand
IN,2011,6516,Thousand
IN,2010,6490,Thousand
IN,2009,6459,Thousand
IN,2008,6425,Thousand
IN,2007,6380,Thousand
IN,2006,6333,Thousand
IN,2005,6279,Thousand
IN,2004,6233,Thousand
IN,2003,6197,Thousand
IN,2002,6156,Thousand
IN,2001,6128,Thousand
IN,2000,6092,Thousand
IN,1999,6045,Thousand
IN,1998,5999,Thousand
IN,1997,5955,Thousand
IN,1996,5906,Thousand
IN,1995,5851,Thousand
IN,1994,5794,Thousand
IN,1993,5739,Thousand
IN,1992,5675,Thousand
IN,1991,5616,Thousand
IN,1990,5558,Thousand
IN,1989,5524,Thousand
IN,1988,5492,Thousand
IN,1987,5473,Thousand
IN,1986,5454,Thousand
IN,1985,5459,Thousand
IN,1984,5458,Thousand
IN,1983,5450,Thousand
IN,1982,5468,Thousand
IN,1981,5480,Thousand
IN,1980,5491,Thousand
IN,1979,5501,Thousand
IN,1978,5470,Thousand
IN,1977,5426,Thousand
IN,1976,5389,Thousand
IN,1975,5366,Thousand
IN,1974,5362,Thousand
IN,1973,5338,Thousand
IN,1972,5302,Thousand
IN,1971,5253,Thousand
IN,1970,5202,Thousand
IN,1969,5143,Thousand
IN,1968,5093,Thousand
IN,1967,5053,Thousand
IN,1966,4999,Thousand
IN,1965,4922,Thousand
IN,1964,4856,Thousand
IN,1963,4799,Thousand
IN,1962,4736,Thousand
IN,1961,4730,Thousand
IN,1960,4674,Thousand
IA,2017,3144,Thousand
IA,2016,3132,Thousand
IA,2015,3121,Thousand
IA,2014,3110,Thousand
IA,2013,3093,Thousand
IA,2012,3076,Thousand
IA,2011,3066,Thousand
IA,2010,3051,Thousand
IA,2009,3033,Thousand
IA,2008,3017,Thousand
IA,2007,2999,Thousand
IA,2006,2983,Thousand
IA,2005,2964,Thousand
IA,2004,2954,Thousand
IA,2003,2942,Thousand
IA,2002,2934,Thousand
IA,2001,2932,Thousand
IA,2000,2929,Thousand
IA,1999,2918,Thousand
IA,1998,2903,Thousand
IA,1997,2891,Thousand
IA,1996,2880,Thousand
IA,1995,2867,Thousand
IA,1994,2851,Thousand
IA,1993,2837,Thousand
IA,1992,2818,Thousand
IA,1991,2798,Thousand
IA,1990,2781,Thousand
IA,1989,2771,Thousand
IA,1988,2768,Thousand
IA,1987,2767,Thousand
IA,1986,2792,Thousand
IA,1985,2830,Thousand
IA,1984,2859,Thousand
IA,1983,2871,Thousand
IA,1982,2888,Thousand
IA,1981,2908,Thousand
IA,1980,2914,Thousand
IA,1979,2916,Thousand
IA,1978,2918,Thousand
IA,1977,2914,Thousand
IA,1976,2903,Thousand
IA,1975,2881,Thousand
IA,1974,2868,Thousand
IA,1973,2864,Thousand
IA,1972,2860,Thousand
IA,1971,2852,Thousand
IA,1970,2832,Thousand
IA,1969,2805,Thousand
IA,1968,2803,Thousand
IA,1967,2793,Thousand
IA,1966,2762,Thousand
IA,1965,2742,Thousand
IA,1964,2746,Thousand
IA,1963,2747,Thousand
IA,1962,2750,Thousand
IA,1961,2756,Thousand
IA,1960,2756,Thousand
KS,2017,2911,Thousand
KS,2016,2911,Thousand
KS,2015,2910,Thousand
KS,2014,2901,Thousand
KS,2013,2894,Thousand
KS,2012,2885,Thousand
KS,2011,2869,Thousand
KS,2010,2858,Thousand
KS,2009,2833,Thousand
KS,2008,2808,Thousand
KS,2007,2784,Thousand
KS,2006,2763,Thousand
KS,2005,2745,Thousand
KS,2004,2734,Thousand
KS,2003,2723,Thousand
KS,2002,2714,Thousand
KS,2001,2702,Thousand
KS,2000,2694,Thousand
KS,1999,2678,Thousand
KS,1998,2661,Thousand
KS,1997,2635,Thousand
KS,1996,2615,Thousand
KS,1995,2601,Thousand
KS,1994,2581,Thousand
KS,1993,2557,Thousand
KS,1992,2532,Thousand
KS,1991,2499,Thousand
KS,1990,2481,Thousand
KS,1989,2473,Thousand
KS,1988,2462,Thousand
KS,1987,2445,Thousand
KS,1986,2433,Thousand
KS,1985,2427,Thousand
KS,1984,2424,Thousand
KS,1983,2416,Thousand
KS,1982,2401,Thousand
KS,1981,2385,Thousand
KS,1980,2369,Thousand
KS,1979,2351,Thousand
KS,1978,2336,Thousand
KS,1977,2321,Thousand
KS,1976,2301,Thousand
KS,1975,2281,Thousand
KS,1974,2269,Thousand
KS,1973,2266,Thousand
KS,1972,2256,Thousand
KS,1971,2247,Thousand
KS,1970,2249,Thousand
KS,1969,2236,Thousand
KS,1968,2216,Thousand
KS,1967,2197,Thousand
KS,1966,2200,Thousand
KS,1965,2206,Thousand
KS,1964,2209,Thousand
KS,1963,2217,Thousand
KS,1962,2231,Thousand
KS,1961,2215,Thousand
KS,1960,2183,Thousand
KY,2017,4454,Thousand
KY,2016,4438,Thousand
KY,2015,4426,Thousand
KY,2014,4414,Thousand
KY,2013,4405,Thousand
KY,2012,4386,Thousand
KY,2011,4369,Thousand
KY,2010,4348,Thousand
KY,2009,4317,Thousand
KY,2008,4290,Thousand
KY,2007,4257,Thousand
KY,2006,4219,Thousand
KY,2005,4183,Thousand
KY,2004,4146,Thousand
KY,2003,4117,Thousand
KY,2002,4090,Thousand
KY,2001,4068,Thousand
KY,2000,4049,Thousand
KY,1999,4018,Thousand
KY,1998,3985,Thousand
KY,1997,3953,Thousand
KY,1996,3920,Thousand
KY,1995,3887,Thousand
KY,1994,3849,Thousand
KY,1993,3812,Thousand
KY,1992,3765,Thousand
KY,1991,3722,Thousand
KY,1990,3694,Thousand
KY,1989,3677,Thousand
KY,1988,3680,Thousand
KY,1987,3683,Thousand
KY,1986,3688,Thousand
KY,1985,3695,Thousand
KY,1984,3695,Thousand
KY,1983,3694,Thousand
KY,1982,3683,Thousand
KY,1981,3670,Thousand
KY,1980,3664,Thousand
KY,1979,3642,Thousand
KY,1978,3610,Thousand
KY,1977,3574,Thousand
KY,1976,3529,Thousand
KY,1975,3468,Thousand
KY,1974,3416,Thousand
KY,1973,3371,Thousand
KY,1972,3336,Thousand
KY,1971,3298,Thousand
KY,1970,3231,Thousand
KY,1969,3198,Thousand
KY,1968,3195,Thousand
KY,1967,3172,Thousand
KY,1966,3147,Thousand
KY,1965,3140,Thousand
KY,1964,3129,Thousand
KY,1963,3096,Thousand
KY,1962,3079,Thousand
KY,1961,3054,Thousand
KY,1960,3041,Thousand
LA,2017,4671,Thousand
LA,2016,4678,Thousand
LA,2015,4665,Thousand
LA,2014,4644,Thousand
LA,2013,4625,Thousand
LA,2012,4601,Thousand
LA,2011,4575,Thousand
LA,2010,4545,Thousand
LA,2009,4492,Thousand
LA,2008,4436,Thousand
LA,2007,4376,Thousand
LA,2006,4303,Thousand
LA,2005,4577,Thousand
LA,2004,4552,Thousand
LA,2003,4521,Thousand
LA,2002,4497,Thousand
LA,2001,4478,Thousand
LA,2000,4472,Thousand
LA,1999,4461,Thousand
LA,1998,4440,Thousand
LA,1997,4421,Thousand
LA,1996,4399,Thousand
LA,1995,4379,Thousand
LA,1994,4347,Thousand
LA,1993,4316,Thousand
LA,1992,4293,Thousand
LA,1991,4253,Thousand
LA,1990,4222,Thousand
LA,1989,4253,Thousand
LA,1988,4289,Thousand
LA,1987,4344,Thousand
LA,1986,4407,Thousand
LA,1985,4408,Thousand
LA,1984,4400,Thousand
LA,1983,4395,Thousand
LA,1982,4353,Thousand
LA,1981,4283,Thousand
LA,1980,4223,Thousand
LA,1979,4138,Thousand
LA,1978,4069,Thousand
LA,1977,4014,Thousand
LA,1976,3951,Thousand
LA,1975,3886,Thousand
LA,1974,3820,Thousand
LA,1973,3788,Thousand
LA,1972,3762,Thousand
LA,1971,3710,Thousand
LA,1970,3652,Thousand
LA,1969,3619,Thousand
LA,1968,3603,Thousand
LA,1967,3581,Thousand
LA,1966,3550,Thousand
LA,1965,3496,Thousand
LA,1964,3446,Thousand
LA,1963,3377,Thousand
LA,1962,3345,Thousand
LA,1961,3287,Thousand
LA,1960,3260,Thousand
ME,2017,1335,Thousand
ME,2016,1331,Thousand
ME,2015,1328,Thousand
ME,2014,1331,Thousand
ME,2013,1328,Thousand
ME,2012,1328,Thousand
ME,2011,1328,Thousand
ME,2010,1328,Thousand
ME,2009,1330,Thousand
ME,2008,1331,Thousand
ME,2007,1327,Thousand
ME,2006,1324,Thousand
ME,2005,1319,Thousand
ME,2004,1314,Thousand
ME,2003,1307,Thousand
ME,2002,1296,Thousand
ME,2001,1286,Thousand
ME,2000,1277,Thousand
ME,1999,1267,Thousand
ME,1998,1259,Thousand
ME,1997,1255,Thousand
ME,1996,1249,Thousand
ME,1995,1243,Thousand
ME,1994,1243,Thousand
ME,1993,1242,Thousand
ME,1992,1239,Thousand
ME,1991,1237,Thousand
ME,1990,1232,Thousand
ME,1989,1220,Thousand
ME,1988,1204,Thousand
ME,1987,1185,Thousand
ME,1986,1170,Thousand
ME,1985,1163,Thousand
ME,1984,1156,Thousand
ME,1983,1145,Thousand
ME,1982,1137,Thousand
ME,1981,1133,Thousand
ME,1980,1127,Thousand
ME,1979,1123,Thousand
ME,1978,1114,Thousand
ME,1977,1104,Thousand
ME,1976,1088,Thousand
ME,1975,1072,Thousand
ME,1974,1059,Thousand
ME,1973,1046,Thousand
ME,1972,1034,Thousand
ME,1971,1015,Thousand
ME,1970,997,Thousand
ME,1969,992,Thousand
ME,1968,994,Thousand
ME,1967,1004,Thousand
ME,1966,999,Thousand
ME,1965,997,Thousand
ME,1964,993,Thousand
ME,1963,993,Thousand
ME,1962,994,Thousand
ME,1961,995,Thousand
ME,1960,975,Thousand
MD,2017,6025,Thousand
MD,2016,6005,Thousand
MD,2015,5987,Thousand
MD,2014,5958,Thousand
MD,2013,5924,Thousand
MD,2012,5887,Thousand
MD,2011,5839,Thousand
MD,2010,5789,Thousand
MD,2009,5730,Thousand
MD,2008,5685,Thousand
MD,2007,5653,Thousand
MD,2006,5627,Thousand
MD,2005,5592,Thousand
MD,2004,5547,Thousand
MD,2003,5496,Thousand
MD,2002,5440,Thousand
MD,2001,5375,Thousand
MD,2000,5311,Thousand
MD,1999,5255,Thousand
MD,1998,5204,Thousand
MD,1997,5157,Thousand
MD,1996,5112,Thousand
MD,1995,5070,Thousand
MD,1994,5023,Thousand
MD,1993,4972,Thousand
MD,1992,4923,Thousand
MD,1991,4868,Thousand
MD,1990,4800,Thousand
MD,1989,4727,Thousand
MD,1988,4658,Thousand
MD,1987,4566,Thousand
MD,1986,4487,Thousand
MD,1985,4413,Thousand
MD,1984,4365,Thousand
MD,1983,4313,Thousand
MD,1982,4283,Thousand
MD,1981,4262,Thousand
MD,1980,4228,Thousand
MD,1979,4191,Thousand
MD,1978,4184,Thousand
MD,1977,4170,Thousand
MD,1976,4151,Thousand
MD,1975,4139,Thousand
MD,1974,4119,Thousand
MD,1973,4098,Thousand
MD,1972,4073,Thousand
MD,1971,4018,Thousand
MD,1970,3938,Thousand
MD,1969,3868,Thousand
MD,1968,3815,Thousand
MD,1967,3757,Thousand
MD,1966,3695,Thousand
MD,1965,3600,Thousand
MD,1964,3492,Thousand
MD,1963,3386,Thousand
MD,1962,3263,Thousand
MD,1961,3176,Thousand
MD,1960,3113,Thousand
MA,2017,6863,Thousand
MA,2016,6826,Thousand
MA,2015,6796,Thousand
MA,2014,6764,Thousand
MA,2013,6714,Thousand
MA,2012,6663,Thousand
MA,2011,6613,Thousand
MA,2010,6566,Thousand
MA,2009,6518,Thousand
MA,2008,6469,Thousand
MA,2007,6432,Thousand
MA,2006,6410,Thousand
MA,2005,6403,Thousand
MA,2004,6412,Thousand
MA,2003,6423,Thousand
MA,2002,6417,Thousand
MA,2001,6398,Thousand
MA,2000,6361,Thousand
MA,1999,6317,Thousand
MA,1998,6272,Thousand
MA,1997,6226,Thousand
MA,1996,6180,Thousand
MA,1995,6141,Thousand
MA,1994,6095,Thousand
MA,1993,6061,Thousand
MA,1992,6029,Thousand
MA,1991,6018,Thousand
MA,1990,6023,Thousand
MA,1989,6015,Thousand
MA,1988,5980,Thousand
MA,1987,5935,Thousand
MA,1986,5903,Thousand
MA,1985,5881,Thousand
MA,1984,5841,Thousand
MA,1983,5799,Thousand
MA,1982,5771,Thousand
MA,1981,5769,Thousand
MA,1980,5746,Thousand
MA,1979,5738,Thousand
MA,1978,5736,Thousand
MA,1977,5738,Thousand
MA,1976,5744,Thousand
MA,1975,5758,Thousand
MA,1974,5774,Thousand
MA,1973,5781,Thousand
MA,1972,5760,Thousand
MA,1971,5738,Thousand
MA,1970,5706,Thousand
MA,1969,5650,Thousand
MA,1968,5618,Thousand
MA,1967,5594,Thousand
MA,1966,5535,Thousand
MA,1965,5502,Thousand
MA,1964,5448,Thousand
MA,1963,5344,Thousand
MA,1962,5263,Thousand
MA,1961,5219,Thousand
MA,1960,5160,Thousand
MI,2017,9976,Thousand
MI,2016,9952,Thousand
MI,2015,9933,Thousand
MI,2014,9931,Thousand
MI,2013,9913,Thousand
MI,2012,9897,Thousand
MI,2011,9882,Thousand
MI,2010,9878,Thousand
MI,2009,9902,Thousand
MI,2008,9947,Thousand
MI,2007,10001,Thousand
MI,2006,10036,Thousand
MI,2005,10051,Thousand
MI,2004,10055,Thousand
MI,2003,10041,Thousand
MI,2002,10016,Thousand
MI,2001,9991,Thousand
MI,2000,9952,Thousand
MI,1999,9897,Thousand
MI,1998,9848,Thousand
MI,1997,9809,Thousand
MI,1996,9759,Thousand
MI,1995,9676,Thousand
MI,1994,9598,Thousand
MI,1993,9540,Thousand
MI,1992,9479,Thousand
MI,1991,9400,Thousand
MI,1990,9311,Thousand
MI,1989,9253,Thousand
MI,1988,9218,Thousand
MI,1987,9187,Thousand
MI,1986,9128,Thousand
MI,1985,9076,Thousand
MI,1984,9049,Thousand
MI,1983,9048,Thousand
MI,1982,9115,Thousand
MI,1981,9209,Thousand
MI,1980,9256,Thousand
MI,1979,9266,Thousand
MI,1978,9218,Thousand
MI,1977,9171,Thousand
MI,1976,9129,Thousand
MI,1975,9118,Thousand
MI,1974,9118,Thousand
MI,1973,9078,Thousand
MI,1972,9029,Thousand
MI,1971,8974,Thousand
MI,1970,8890,Thousand
MI,1969,8781,Thousand
MI,1968,8696,Thousand
MI,1967,8630,Thousand
MI,1966,8512,Thousand
MI,1965,8357,Thousand
MI,1964,8187,Thousand
MI,1963,8058,Thousand
MI,1962,7933,Thousand
MI,1961,7893,Thousand
MI,1960,7834,Thousand
MN,2017,5568,Thousand
MN,2016,5523,Thousand
MN,2015,5483,Thousand
MN,2014,5452,Thousand
MN,2013,5414,Thousand
MN,2012,5377,Thousand
MN,2011,5346,Thousand
MN,2010,5311,Thousand
MN,2009,5281,Thousand
MN,2008,5247,Thousand
MN,2007,5207,Thousand
MN,2006,5164,Thousand
MN,2005,5120,Thousand
MN,2004,5088,Thousand
MN,2003,5054,Thousand
MN,2002,5019,Thousand
MN,2001,4983,Thousand
MN,2000,4934,Thousand
MN,1999,4873,Thousand
MN,1998,4813,Thousand
MN,1997,4763,Thousand
MN,1996,4713,Thousand
MN,1995,4660,Thousand
MN,1994,4610,Thousand
MN,1993,4556,Thousand
MN,1992,4496,Thousand
MN,1991,4441,Thousand
MN,1990,4390,Thousand
MN,1989,4338,Thousand
MN,1988,4296,Thousand
MN,1987,4235,Thousand
MN,1986,4205,Thousand
MN,1985,4184,Thousand
MN,1984,4158,Thousand
MN,1983,4141,Thousand
MN,1982,4131,Thousand
MN,1981,4112,Thousand
MN,1980,4085,Thousand
MN,1979,4050,Thousand
MN,1978,4015,Thousand
MN,1977,3989,Thousand
MN,1976,3965,Thousand
MN,1975,3933,Thousand
MN,1974,3904,Thousand
MN,1973,3889,Thousand
MN,1972,3870,Thousand
MN,1971,3853,Thousand
MN,1970,3815,Thousand
MN,1969,3758,Thousand
MN,1968,3703,Thousand
MN,1967,3659,Thousand
MN,1966,3617,Thousand
MN,1965,3592,Thousand
MN,1964,3558,Thousand
MN,1963,3531,Thousand
MN,1962,3513,Thousand
MN,1961,3470,Thousand
MN,1960,3425,Thousand
MS,2017,2990,Thousand
MS,2016,2988,Thousand
MS,2015,2989,Thousand
MS,2014,2991,Thousand
MS,2013,2989,Thousand
MS,2012,2984,Thousand
MS,2011,2978,Thousand
MS,2010,2971,Thousand
MS,2009,2959,Thousand
MS,2008,2948,Thousand
MS,2007,2928,Thousand
MS,2006,2905,Thousand
MS,2005,2906,Thousand
MS,2004,2889,Thousand
MS,2003,2868,Thousand
MS,2002,2859,Thousand
MS,2001,2853,Thousand
MS,2000,2848,Thousand
MS,1999,2828,Thousand
MS,1998,2805,Thousand
MS,1997,2777,Thousand
MS,1996,2748,Thousand
MS,1995,2723,Thousand
MS,1994,2689,Thousand
MS,1993,2655,Thousand
MS,1992,2624,Thousand
MS,1991,2599,Thousand
MS,1990,2579,Thousand
MS,1989,2574,Thousand
MS,1988,2580,Thousand
MS,1987,2589,Thousand
MS,1986,2594,Thousand
MS,1985,2588,Thousand
MS,1984,2578,Thousand
MS,1983,2568,Thousand
MS,1982,2557,Thousand
MS,1981,2539,Thousand
MS,1980,2525,Thousand
MS,1979,2507,Thousand
MS,1978,2488,Thousand
MS,1977,2459,Thousand
MS,1976,2430,Thousand
MS,1975,2399,Thousand
MS,1974,2378,Thousand
MS,1973,2350,Thousand
MS,1972,2307,Thousand
MS,1971,2265,Thousand
MS,1970,2220,Thousand
MS,1969,2220,Thousand
MS,1968,2219,Thousand
MS,1967,2228,Thousand
MS,1966,2245,Thousand
MS,1965,2246,Thousand
MS,1964,2241,Thousand
MS,1963,2244,Thousand
MS,1962,2243,Thousand
MS,1961,2206,Thousand
MS,1960,2182,Thousand
MO,2017,6109,Thousand
MO,2016,6087,Thousand
MO,2015,6072,Thousand
MO,2014,6056,Thousand
MO,2013,6041,Thousand
MO,2012,6024,Thousand
MO,2011,6010,Thousand
MO,2010,5996,Thousand
MO,2009,5961,Thousand
MO,2008,5924,Thousand
MO,2007,5888,Thousand
MO,2006,5843,Thousand
MO,2005,5790,Thousand
MO,2004,5748,Thousand
MO,2003,5709,Thousand
MO,2002,5675,Thousand
MO,2001,5641,Thousand
MO,2000,5607,Thousand
MO,1999,5562,Thousand
MO,1998,5522,Thousand
MO,1997,5481,Thousand
MO,1996,5432,Thousand
MO,1995,5378,Thousand
MO,1994,5324,Thousand
MO,1993,5271,Thousand
MO,1992,5217,Thousand
MO,1991,5171,Thousand
MO,1990,5129,Thousand
MO,1989,5096,Thousand
MO,1988,5082,Thousand
MO,1987,5057,Thousand
MO,1986,5023,Thousand
MO,1985,5000,Thousand
MO,1984,4975,Thousand
MO,1983,4944,Thousand
MO,1982,4929,Thousand
MO,1981,4932,Thousand
MO,1980,4922,Thousand
MO,1979,4912,Thousand
MO,1978,4889,Thousand
MO,1977,4863,Thousand
MO,1976,4839,Thousand
MO,1975,4808,Thousand
MO,1974,4796,Thousand
MO,1973,4783,Thousand
MO,1972,4759,Thousand
MO,1971,4726,Thousand
MO,1970,4688,Thousand
MO,1969,4640,Thousand
MO,1968,4568,Thousand
MO,1967,4539,Thousand
MO,1966,4523,Thousand
MO,1965,4467,Thousand
MO,1964,4442,Thousand
MO,1963,4392,Thousand
MO,1962,4357,Thousand
MO,1961,4349,Thousand
MO,1960,4326,Thousand
MT,2017,1053,Thousand
MT,2016,1041,Thousand
MT,2015,1031,Thousand
MT,2014,1022,Thousand
MT,2013,1014,Thousand
MT,2012,1004,Thousand
MT,2011,997,Thousand
MT,2010,991,Thousand
MT,2009,984,Thousand
MT,2008,976,Thousand
MT,2007,965,Thousand
MT,2006,953,Thousand
MT,2005,940,Thousand
MT,2004,930,Thousand
MT,2003,920,Thousand
MT,2002,912,Thousand
MT,2001,907,Thousand
MT,2000,904,Thousand
MT,1999,898,Thousand
MT,1998,892,Thousand
MT,1997,890,Thousand
MT,1996,886,Thousand
MT,1995,877,Thousand
MT,1994,861,Thousand
MT,1993,845,Thousand
MT,1992,826,Thousand
MT,1991,810,Thousand
MT,1990,800,Thousand
MT,1989,800,Thousand
MT,1988,800,Thousand
MT,1987,805,Thousand
MT,1986,814,Thousand
MT,1985,822,Thousand
MT,1984,821,Thousand
MT,1983,814,Thousand
MT,1982,804,Thousand
MT,1981,795,Thousand
MT,1980,789,Thousand
MT,1979,787,Thousand
MT,1978,782,Thousand
MT,1977,770,Thousand
MT,1976,757,Thousand
MT,1975,748,Thousand
MT,1974,736,Thousand
MT,1973,727,Thousand
MT,1972,719,Thousand
MT,1971,711,Thousand
MT,1970,698,Thousand
MT,1969,694,Thousand
MT,1968,700,Thousand
MT,1967,701,Thousand
MT,1966,707,Thousand
MT,1965,706,Thousand
MT,1964,706,Thousand
MT,1963,703,Thousand
MT,1962,698,Thousand
MT,1961,696,Thousand
MT,1960,679,Thousand
NE,2017,1918,Thousand
NE,2016,1906,Thousand
NE,2015,1892,Thousand
NE,2014,1880,Thousand
NE,2013,1865,Thousand
NE,2012,1853,Thousand
NE,2011,1841,Thousand
NE,2010,1830,Thousand
NE,2009,1813,Thousand
NE,2008,1796,Thousand
NE,2007,1783,Thousand
NE,2006,1773,Thousand
NE,2005,1761,Thousand
NE,2004,1749,Thousand
NE,2003,1739,Thousand
NE,2002,1728,Thousand
NE,2001,1720,Thousand
NE,2000,1714,Thousand
NE,1999,1705,Thousand
NE,1998,1696,Thousand
NE,1997,1686,Thousand
NE,1996,1674,Thousand
NE,1995,1657,Thousand
NE,1994,1639,Thousand
NE,1993,1626,Thousand
NE,1992,1612,Thousand
NE,1991,1596,Thousand
NE,1990,1582,Thousand
NE,1989,1575,Thousand
NE,1988,1571,Thousand
NE,1987,1567,Thousand
NE,1986,1574,Thousand
NE,1985,1585,Thousand
NE,1984,1589,Thousand
NE,1983,1584,Thousand
NE,1982,1582,Thousand
NE,1981,1579,Thousand
NE,1980,1572,Thousand
NE,1979,1567,Thousand
NE,1978,1564,Thousand
NE,1977,1557,Thousand
NE,1976,1551,Thousand
NE,1975,1543,Thousand
NE,1974,1539,Thousand
NE,1973,1530,Thousand
NE,1972,1519,Thousand
NE,1971,1505,Thousand
NE,1970,1488,Thousand
NE,1969,1474,Thousand
NE,1968,1467,Thousand
NE,1967,1457,Thousand
NE,1966,1456,Thousand
NE,1965,1471,Thousand
NE,1964,1482,Thousand
NE,1963,1476,Thousand
NE,1962,1464,Thousand
NE,1961,1446,Thousand
NE,1960,1417,Thousand
NV,2017,2972,Thousand
NV,2016,2920,Thousand
NV,2015,2869,Thousand
NV,2014,2819,Thousand
NV,2013,2777,Thousand
NV,2012,2745,Thousand
NV,2011,2713,Thousand
NV,2010,2702,Thousand
NV,2009,2685,Thousand
NV,2008,2654,Thousand
NV,2007,2601,Thousand
NV,2006,2523,Thousand
NV,2005,2432,Thousand
NV,2004,2346,Thousand
NV,2003,2249,Thousand
NV,2002,2174,Thousand
NV,2001,2098,Thousand
NV,2000,2019,Thousand
NV,1999,1935,Thousand
NV,1998,1853,Thousand
NV,1997,1764,Thousand
NV,1996,1666,Thousand
NV,1995,1582,Thousand
NV,1994,1499,Thousand
NV,1993,1411,Thousand
NV,1992,1351,Thousand
NV,1991,1296,Thousand
NV,1990,1221,Thousand
NV,1989,1137,Thousand
NV,1988,1075,Thousand
NV,1987,1023,Thousand
NV,1986,981,Thousand
NV,1985,951,Thousand
NV,1984,925,Thousand
NV,1983,902,Thousand
NV,1982,882,Thousand
NV,1981,848,Thousand
NV,1980,810,Thousand
NV,1979,765,Thousand
NV,1978,719,Thousand
NV,1977,678,Thousand
NV,1976,647,Thousand
NV,1975,620,Thousand
NV,1974,597,Thousand
NV,1973,569,Thousand
NV,1972,547,Thousand
NV,1971,520,Thousand
NV,1970,493,Thousand
NV,1969,480,Thousand
NV,1968,464,Thousand
NV,1967,449,Thousand
NV,1966,446,Thousand
NV,1965,444,Thousand
NV,1964,426,Thousand
NV,1963,397,Thousand
NV,1962,352,Thousand
NV,1961,315,Thousand
NV,1960,291,Thousand
NH,2017,1350,Thousand
NH,2016,1342,Thousand
NH,2015,1336,Thousand
NH,2014,1333,Thousand
NH,2013,1326,Thousand
NH,2012,1324,Thousand
NH,2011,1320,Thousand
NH,2010,1317,Thousand
NH,2009,1316,Thousand
NH,2008,1316,Thousand
NH,2007,1313,Thousand
NH,2006,1308,Thousand
NH,2005,1298,Thousand
NH,2004,1290,Thousand
NH,2003,1280,Thousand
NH,2002,1269,Thousand
NH,2001,1256,Thousand
NH,2000,1240,Thousand
NH,1999,1222,Thousand
NH,1998,1206,Thousand
NH,1997,1189,Thousand
NH,1996,1175,Thousand
NH,1995,1158,Thousand
NH,1994,1143,Thousand
NH,1993,1129,Thousand
NH,1992,1118,Thousand
NH,1991,1110,Thousand
NH,1990,1112,Thousand
NH,1989,1105,Thousand
NH,1988,1083,Thousand
NH,1987,1054,Thousand
NH,1986,1025,Thousand
NH,1985,997,Thousand
NH,1984,977,Thousand
NH,1983,958,Thousand
NH,1982,948,Thousand
NH,1981,937,Thousand
NH,1980,924,Thousand
NH,1979,909,Thousand
NH,1978,892,Thousand
NH,1977,870,Thousand
NH,1976,845,Thousand
NH,1975,829,Thousand
NH,1974,816,Thousand
NH,1973,801,Thousand
NH,1972,781,Thousand
NH,1971,762,Thousand
NH,1970,742,Thousand
NH,1969,724,Thousand
NH,1968,709,Thousand
NH,1967,697,Thousand
NH,1966,681,Thousand
NH,1965,676,Thousand
NH,1964,663,Thousand
NH,1963,649,Thousand
NH,1962,632,Thousand
NH,1961,618,Thousand
NH,1960,609,Thousand
NJ,2017,8889,Thousand
NJ,2016,8875,Thousand
NJ,2015,8871,Thousand
NJ,2014,8867,Thousand
NJ,2013,8858,Thousand
NJ,2012,8845,Thousand
NJ,2011,8828,Thousand
NJ,2010,8800,Thousand
NJ,2009,8756,Thousand
NJ,2008,8711,Thousand
NJ,2007,8678,Thousand
NJ,2006,8662,Thousand
NJ,2005,8652,Thousand
NJ,2004,8635,Thousand
NJ,2003,8601,Thousand
NJ,2002,8553,Thousand
NJ,2001,8493,Thousand
NJ,2000,8431,Thousand
NJ,1999,8360,Thousand
NJ,1998,8287,Thousand
NJ,1997,8219,Thousand
NJ,1996,8150,Thousand
NJ,1995,8083,Thousand
NJ,1994,8014,Thousand
NJ,1993,7949,Thousand
NJ,1992,7881,Thousand
NJ,1991,7815,Thousand
NJ,1990,7763,Thousand
NJ,1989,7726,Thousand
NJ,1988,7712,Thousand
NJ,1987,7671,Thousand
NJ,1986,7622,Thousand
NJ,1985,7566,Thousand
NJ,1984,7515,Thousand
NJ,1983,7468,Thousand
NJ,1982,7431,Thousand
NJ,1981,7407,Thousand
NJ,1980,7376,Thousand
NJ,1979,7367,Thousand
NJ,1978,7351,Thousand
NJ,1977,7337,Thousand
NJ,1976,7340,Thousand
NJ,1975,7338,Thousand
NJ,1974,7332,Thousand
NJ,1973,7333,Thousand
NJ,1972,7335,Thousand
NJ,1971,7281,Thousand
NJ,1970,7193,Thousand
NJ,1969,7095,Thousand
NJ,1968,7005,Thousand
NJ,1967,6928,Thousand
NJ,1966,6851,Thousand
NJ,1965,6767,Thousand
NJ,1964,6660,Thousand
NJ,1963,6531,Thousand
NJ,1962,6376,Thousand
NJ,1961,6265,Thousand
NJ,1960,6103,Thousand
NM,2017,2093,Thousand
NM,2016,2093,Thousand
NM,2015,2090,Thousand
NM,2014,2090,Thousand
NM,2013,2093,Thousand
NM,2012,2088,Thousand
NM,2011,2080,Thousand
NM,2010,2065,Thousand
NM,2009,2037,Thousand
NM,2008,2011,Thousand
NM,2007,1990,Thousand
NM,2006,1962,Thousand
NM,2005,1932,Thousand
NM,2004,1904,Thousand
NM,2003,1878,Thousand
NM,2002,1855,Thousand
NM,2001,1832,Thousand
NM,2000,1821,Thousand
NM,1999,1808,Thousand
NM,1998,1793,Thousand
NM,1997,1775,Thousand
NM,1996,1752,Thousand
NM,1995,1720,Thousand
NM,1994,1682,Thousand
NM,1993,1636,Thousand
NM,1992,1595,Thousand
NM,1991,1555,Thousand
NM,1990,1522,Thousand
NM,1989,1504,Thousand
NM,1988,1490,Thousand
NM,1987,1479,Thousand
NM,1986,1463,Thousand
NM,1985,1438,Thousand
NM,1984,1417,Thousand
NM,1983,1394,Thousand
NM,1982,1364,Thousand
NM,1981,1333,Thousand
NM,1980,1309,Thousand
NM,1979,1285,Thousand
NM,1978,1238,Thousand
NM,1977,1216,Thousand
NM,1976,1189,Thousand
NM,1975,1160,Thousand
NM,1974,1131,Thousand
NM,1973,1106,Thousand
NM,1972,1079,Thousand
NM,1971,1054,Thousand
NM,1970,1023,Thousand
NM,1969,1011,Thousand
NM,1968,994,Thousand
NM,1967,1000,Thousand
NM,1966,1007,Thousand
NM,1965,1012,Thousand
NM,1964,1006,Thousand
NM,1963,989,Thousand
NM,1962,979,Thousand
NM,1961,965,Thousand
NM,1960,954,Thousand
NY,2017,19591,Thousand
NY,2016,19642,Thousand
NY,2015,19661,Thousand
NY,2014,19656,Thousand
NY,2013,19628,Thousand
NY,2012,19575,Thousand
NY,2011,19499,Thousand
NY,2010,19400,Thousand
NY,2009,19307,Thousand
NY,2008,19212,Thousand
NY,2007,19132,Thousand
NY,2006,19105,Thousand
NY,2005,19133,Thousand
NY,2004,19172,Thousand
NY,2003,19176,Thousand
NY,2002,19138,Thousand
NY,2001,19083,Thousand
NY,2000,19002,Thousand
NY,1999,18883,Thousand
NY,1998,18756,Thousand
NY,1997,18657,Thousand
NY,1996,18588,Thousand
NY,1995,18524,Thousand
NY,1994,18459,Thousand
NY,1993,18375,Thousand
NY,1992,18247,Thousand
NY,1991,18123,Thousand
NY,1990,18021,Thousand
NY,1989,17983,Thousand
NY,1988,17941,Thousand
NY,1987,17869,Thousand
NY,1986,17833,Thousand
NY,1985,17792,Thousand
NY,1984,17746,Thousand
NY,1983,17687,Thousand
NY,1982,17590,Thousand
NY,1981,17568,Thousand
NY,1980,17567,Thousand
NY,1979,17584,Thousand
NY,1978,17681,Thousand
NY,1977,17813,Thousand
NY,1976,17941,Thousand
NY,1975,18003,Thousand
NY,1974,18050,Thousand
NY,1973,18177,Thousand
NY,1972,18339,Thousand
NY,1971,18358,Thousand
NY,1970,18268,Thousand
NY,1969,18105,Thousand
NY,1968,18051,Thousand
NY,1967,17935,Thousand
NY,1966,17843,Thousand
NY,1965,17734,Thousand
NY,1964,17589,Thousand
NY,1963,17461,Thousand
NY,1962,17301,Thousand
NY,1961,17061,Thousand
NY,1960,16838,Thousand
NC,2017,10271,Thousand
NC,2016,10157,Thousand
NC,2015,10033,Thousand
NC,2014,9934,Thousand
NC,2013,9844,Thousand
NC,2012,9749,Thousand
NC,2011,9657,Thousand
NC,2010,9574,Thousand
NC,2009,9450,Thousand
NC,2008,9309,Thousand
NC,2007,9118,Thousand
NC,2006,8917,Thousand
NC,2005,8705,Thousand
NC,2004,8553,Thousand
NC,2003,8423,Thousand
NC,2002,8326,Thousand
NC,2001,8210,Thousand
NC,2000,8082,Thousand
NC,1999,7949,Thousand
NC,1998,7809,Thousand
NC,1997,7657,Thousand
NC,1996,7501,Thousand
NC,1995,7345,Thousand
NC,1994,7187,Thousand
NC,1993,7043,Thousand
NC,1992,6897,Thousand
NC,1991,6784,Thousand
NC,1990,6664,Thousand
NC,1989,6565,Thousand
NC,1988,6481,Thousand
NC,1987,6404,Thousand
NC,1986,6322,Thousand
NC,1985,6254,Thousand
NC,1984,6164,Thousand
NC,1983,6077,Thousand
NC,1982,6019,Thousand
NC,1981,5957,Thousand
NC,1980,5899,Thousand
NC,1979,5823,Thousand
NC,1978,5759,Thousand
NC,1977,5686,Thousand
NC,1976,5608,Thousand
NC,1975,5547,Thousand
NC,1974,5471,Thousand
NC,1973,5390,Thousand
NC,1972,5301,Thousand
NC,1971,5204,Thousand
NC,1970,5098,Thousand
NC,1969,5031,Thousand
NC,1968,5004,Thousand
NC,1967,4952,Thousand
NC,1966,4896,Thousand
NC,1965,4863,Thousand
NC,1964,4802,Thousand
NC,1963,4742,Thousand
NC,1962,4707,Thousand
NC,1961,4663,Thousand
NC,1960,4573,Thousand
ND,2017,755,Thousand
ND,2016,754,Thousand
ND,2015,754,Thousand
ND,2014,737,Thousand
ND,2013,722,Thousand
ND,2012,701,Thousand
ND,2011,685,Thousand
ND,2010,675,Thousand
ND,2009,665,Thousand
ND,2008,658,Thousand
ND,2007,653,Thousand
ND,2006,649,Thousand
ND,2005,646,Thousand
ND,2004,645,Thousand
ND,2003,639,Thousand
ND,2002,638,Thousand
ND,2001,639,Thousand
ND,2000,642,Thousand
ND,1999,644,Thousand
ND,1998,648,Thousand
ND,1997,650,Thousand
ND,1996,650,Thousand
ND,1995,648,Thousand
ND,1994,645,Thousand
ND,1993,641,Thousand
ND,1992,638,Thousand
ND,1991,636,Thousand
ND,1990,638,Thousand
ND,1989,646,Thousand
ND,1988,655,Thousand
ND,1987,661,Thousand
ND,1986,670,Thousand
ND,1985,677,Thousand
ND,1984,680,Thousand
ND,1983,677,Thousand
ND,1982,669,Thousand
ND,1981,660,Thousand
ND,1980,654,Thousand
ND,1979,653,Thousand
ND,1978,651,Thousand
ND,1977,650,Thousand
ND,1976,646,Thousand
ND,1975,639,Thousand
ND,1974,635,Thousand
ND,1973,633,Thousand
ND,1972,631,Thousand
ND,1971,627,Thousand
ND,1970,620,Thousand
ND,1969,621,Thousand
ND,1968,621,Thousand
ND,1967,626,Thousand
ND,1966,647,Thousand
ND,1965,649,Thousand
ND,1964,649,Thousand
ND,1963,644,Thousand
ND,1962,637,Thousand
ND,1961,641,Thousand
ND,1960,634,Thousand
OH,2017,11664,Thousand
OH,2016,11635,Thousand
OH,2015,11618,Thousand
OH,2014,11603,Thousand
OH,2013,11577,Thousand
OH,2012,11548,Thousand
OH,2011,11543,Thousand
OH,2010,11539,Thousand
OH,2009,11529,Thousand
OH,2008,11515,Thousand
OH,2007,11500,Thousand
OH,2006,11481,Thousand
OH,2005,11463,Thousand
OH,2004,11452,Thousand
OH,2003,11435,Thousand
OH,2002,11408,Thousand
OH,2001,11387,Thousand
OH,2000,11364,Thousand
OH,1999,11335,Thousand
OH,1998,11312,Thousand
OH,1997,11277,Thousand
OH,1996,11243,Thousand
OH,1995,11203,Thousand
OH,1994,11152,Thousand
OH,1993,11101,Thousand
OH,1992,11029,Thousand
OH,1991,10946,Thousand
OH,1990,10864,Thousand
OH,1989,10829,Thousand
OH,1988,10799,Thousand
OH,1987,10760,Thousand
OH,1986,10730,Thousand
OH,1985,10735,Thousand
OH,1984,10738,Thousand
OH,1983,10738,Thousand
OH,1982,10757,Thousand
OH,1981,10788,Thousand
OH,1980,10801,Thousand
OH,1979,10798,Thousand
OH,1978,10796,Thousand
OH,1977,10771,Thousand
OH,1976,10753,Thousand
OH,1975,10770,Thousand
OH,1974,10766,Thousand
OH,1973,10767,Thousand
OH,1972,10747,Thousand
OH,1971,10735,Thousand
OH,1970,10664,Thousand
OH,1969,10563,Thousand
OH,1968,10516,Thousand
OH,1967,10414,Thousand
OH,1966,10330,Thousand
OH,1965,10201,Thousand
OH,1964,10080,Thousand
OH,1963,9986,Thousand
OH,1962,9929,Thousand
OH,1961,9854,Thousand
OH,1960,9734,Thousand
OK,2017,3933,Thousand
OK,2016,3927,Thousand
OK,2015,3910,Thousand
OK,2014,3878,Thousand
OK,2013,3853,Thousand
OK,2012,3819,Thousand
OK,2011,3788,Thousand
OK,2010,3760,Thousand
OK,2009,3718,Thousand
OK,2008,3669,Thousand
OK,2007,3634,Thousand
OK,2006,3594,Thousand
OK,2005,3549,Thousand
OK,2004,3525,Thousand
OK,2003,3505,Thousand
OK,2002,3489,Thousand
OK,2001,3467,Thousand
OK,2000,3454,Thousand
OK,1999,3437,Thousand
OK,1998,3405,Thousand
OK,1997,3373,Thousand
OK,1996,3340,Thousand
OK,1995,3308,Thousand
OK,1994,3281,Thousand
OK,1993,3252,Thousand
OK,1992,3221,Thousand
OK,1991,3175,Thousand
OK,1990,3149,Thousand
OK,1989,3150,Thousand
OK,1988,3167,Thousand
OK,1987,3210,Thousand
OK,1986,3253,Thousand
OK,1985,3271,Thousand
OK,1984,3286,Thousand
OK,1983,3290,Thousand
OK,1982,3206,Thousand
OK,1981,3096,Thousand
OK,1980,3041,Thousand
OK,1979,2975,Thousand
OK,1978,2917,Thousand
OK,1977,2870,Thousand
OK,1976,2827,Thousand
OK,1975,2775,Thousand
OK,1974,2735,Thousand
OK,1973,2696,Thousand
OK,1972,2659,Thousand
OK,1971,2619,Thousand
OK,1970,2567,Thousand
OK,1969,2535,Thousand
OK,1968,2503,Thousand
OK,1967,2489,Thousand
OK,1966,2454,Thousand
OK,1965,2440,Thousand
OK,1964,2446,Thousand
OK,1963,2439,Thousand
OK,1962,2427,Thousand
OK,1961,2380,Thousand
OK,1960,2336,Thousand
OR,2017,4147,Thousand
OR,2016,4091,Thousand
OR,2015,4017,Thousand
OR,2014,3964,Thousand
OR,2013,3923,Thousand
OR,2012,3899,Thousand
OR,2011,3872,Thousand
OR,2010,3838,Thousand
OR,2009,3809,Thousand
OR,2008,3769,Thousand
OR,2007,3722,Thousand
OR,2006,3671,Thousand
OR,2005,3613,Thousand
OR,2004,3569,Thousand
OR,2003,3547,Thousand
OR,2002,3513,Thousand
OR,2001,3468,Thousand
OR,2000,3430,Thousand
OR,1999,3394,Thousand
OR,1998,3352,Thousand
OR,1997,3304,Thousand
OR,1996,3247,Thousand
OR,1995,3184,Thousand
OR,1994,3121,Thousand
OR,1993,3060,Thousand
OR,1992,2992,Thousand
OR,1991,2929,Thousand
OR,1990,2860,Thousand
OR,1989,2791,Thousand
OR,1988,2741,Thousand
OR,1987,2701,Thousand
OR,1986,2684,Thousand
OR,1985,2673,Thousand
OR,1984,2667,Thousand
OR,1983,2653,Thousand
OR,1982,2665,Thousand
OR,1981,2668,Thousand
OR,1980,2641,Thousand
OR,1979,2588,Thousand
OR,1978,2518,Thousand
OR,1977,2447,Thousand
OR,1976,2378,Thousand
OR,1975,2330,Thousand
OR,1974,2285,Thousand
OR,1973,2242,Thousand
OR,1972,2197,Thousand
OR,1971,2151,Thousand
OR,1970,2101,Thousand
OR,1969,2062,Thousand
OR,1968,2004,Thousand
OR,1967,1979,Thousand
OR,1966,1969,Thousand
OR,1965,1937,Thousand
OR,1964,1888,Thousand
OR,1963,1853,Thousand
OR,1962,1818,Thousand
OR,1961,1787,Thousand
OR,1960,1772,Thousand
PA,2017,12790,Thousand
PA,2016,12784,Thousand
PA,2015,12786,Thousand
PA,2014,12789,Thousand
PA,2013,12777,Thousand
PA,2012,12767,Thousand
PA,2011,12745,Thousand
PA,2010,12711,Thousand
PA,2009,12667,Thousand
PA,2008,12612,Thousand
PA,2007,12564,Thousand
PA,2006,12511,Thousand
PA,2005,12450,Thousand
PA,2004,12411,Thousand
PA,2003,12375,Thousand
PA,2002,12331,Thousand
PA,2001,12299,Thousand
PA,2000,12284,Thousand
PA,1999,12264,Thousand
PA,1998,12246,Thousand
PA,1997,12228,Thousand
PA,1996,12220,Thousand
PA,1995,12198,Thousand
PA,1994,12166,Thousand
PA,1993,12120,Thousand
PA,1992,12049,Thousand
PA,1991,11982,Thousand
PA,1990,11903,Thousand
PA,1989,11866,Thousand
PA,1988,11846,Thousand
PA,1987,11811,Thousand
PA,1986,11783,Thousand
PA,1985,11771,Thousand
PA,1984,11815,Thousand
PA,1983,11838,Thousand
PA,1982,11845,Thousand
PA,1981,11859,Thousand
PA,1980,11868,Thousand
PA,1979,11888,Thousand
PA,1978,11879,Thousand
PA,1977,11894,Thousand
PA,1976,11897,Thousand
PA,1975,11906,Thousand
PA,1974,11871,Thousand
PA,1973,11891,Thousand
PA,1972,11908,Thousand
PA,1971,11886,Thousand
PA,1970,11813,Thousand
PA,1969,11741,Thousand
PA,1968,11741,Thousand
PA,1967,11681,Thousand
PA,1966,11664,Thousand
PA,1965,11620,Thousand
PA,1964,11519,Thousand
PA,1963,11424,Thousand
PA,1962,11355,Thousand
PA,1961,11392,Thousand
PA,1960,11329,Thousand
RI,2017,1056,Thousand
RI,2016,1057,Thousand
RI,2015,1056,Thousand
RI,2014,1056,Thousand
RI,2013,1055,Thousand
RI,2012,1055,Thousand
RI,2011,1054,Thousand
RI,2010,1054,Thousand
RI,2009,1054,Thousand
RI,2008,1055,Thousand
RI,2007,1057,Thousand
RI,2006,1063,Thousand
RI,2005,1068,Thousand
RI,2004,1075,Thousand
RI,2003,1071,Thousand
RI,2002,1066,Thousand
RI,2001,1057,Thousand
RI,2000,1050,Thousand
RI,1999,1040,Thousand
RI,1998,1031,Thousand
RI,1997,1025,Thousand
RI,1996,1021,Thousand
RI,1995,1017,Thousand
RI,1994,1016,Thousand
RI,1993,1015,Thousand
RI,1992,1013,Thousand
RI,1991,1011,Thousand
RI,1990,1006,Thousand
RI,1989,1001,Thousand
RI,1988,996,Thousand
RI,1987,990,Thousand
RI,1986,977,Thousand
RI,1985,969,Thousand
RI,1984,962,Thousand
RI,1983,956,Thousand
RI,1982,954,Thousand
RI,1981,953,Thousand
RI,1980,949,Thousand
RI,1979,950,Thousand
RI,1978,952,Thousand
RI,1977,950,Thousand
RI,1976,946,Thousand
RI,1975,943,Thousand
RI,1974,951,Thousand
RI,1973,976,Thousand
RI,1972,975,Thousand
RI,1971,963,Thousand
RI,1970,951,Thousand
RI,1969,932,Thousand
RI,1968,922,Thousand
RI,1967,909,Thousand
RI,1966,899,Thousand
RI,1965,893,Thousand
RI,1964,885,Thousand
RI,1963,876,Thousand
RI,1962,871,Thousand
RI,1961,858,Thousand
RI,1960,855,Thousand
SC,2017,5021,Thousand
SC,2016,4958,Thousand
SC,2015,4892,Thousand
SC,2014,4824,Thousand
SC,2013,4764,Thousand
SC,2012,4717,Thousand
SC,2011,4671,Thousand
SC,2010,4636,Thousand
SC,2009,4590,Thousand
SC,2008,4529,Thousand
SC,2007,4444,Thousand
SC,2006,4358,Thousand
SC,2005,4270,Thousand
SC,2004,4211,Thousand
SC,2003,4150,Thousand
SC,2002,4108,Thousand
SC,2001,4065,Thousand
SC,2000,4024,Thousand
SC,1999,3975,Thousand
SC,1998,3919,Thousand
SC,1997,3860,Thousand
SC,1996,3796,Thousand
SC,1995,3749,Thousand
SC,1994,3705,Thousand
SC,1993,3663,Thousand
SC,1992,3620,Thousand
SC,1991,3570,Thousand
SC,1990,3501,Thousand
SC,1989,3457,Thousand
SC,1988,3412,Thousand
SC,1987,3381,Thousand
SC,1986,3343,Thousand
SC,1985,3303,Thousand
SC,1984,3272,Thousand
SC,1983,3234,Thousand
SC,1982,3208,Thousand
SC,1981,3179,Thousand
SC,1980,3135,Thousand
SC,1979,3090,Thousand
SC,1978,3044,Thousand
SC,1977,2992,Thousand
SC,1976,2944,Thousand
SC,1975,2902,Thousand
SC,1974,2845,Thousand
SC,1973,2777,Thousand
SC,1972,2719,Thousand
SC,1971,2662,Thousand
SC,1970,2597,Thousand
SC,1969,2570,Thousand
SC,1968,2559,Thousand
SC,1967,2533,Thousand
SC,1966,2520,Thousand
SC,1965,2494,Thousand
SC,1964,2475,Thousand
SC,1963,2460,Thousand
SC,1962,2423,Thousand
SC,1961,2409,Thousand
SC,1960,2392,Thousand
SD,2017,873,Thousand
SD,2016,863,Thousand
SD,2015,854,Thousand
SD,2014,849,Thousand
SD,2013,842,Thousand
SD,2012,833,Thousand
SD,2011,823,Thousand
SD,2010,816,Thousand
SD,2009,807,Thousand
SD,2008,799,Thousand
SD,2007,792,Thousand
SD,2006,783,Thousand
SD,2005,775,Thousand
SD,2004,770,Thousand
SD,2003,764,Thousand
SD,2002,760,Thousand
SD,2001,758,Thousand
SD,2000,756,Thousand
SD,1999,750,Thousand
SD,1998,746,Thousand
SD,1997,744,Thousand
SD,1996,742,Thousand
SD,1995,738,Thousand
SD,1994,731,Thousand
SD,1993,722,Thousand
SD,1992,713,Thousand
SD,1991,704,Thousand
SD,1990,697,Thousand
SD,1989,697,Thousand
SD,1988,698,Thousand
SD,1987,696,Thousand
SD,1986,696,Thousand
SD,1985,698,Thousand
SD,1984,697,Thousand
SD,1983,693,Thousand
SD,1982,691,Thousand
SD,1981,690,Thousand
SD,1980,691,Thousand
SD,1979,688,Thousand
SD,1978,689,Thousand
SD,1977,688,Thousand
SD,1976,686,Thousand
SD,1975,681,Thousand
SD,1974,680,Thousand
SD,1973,679,Thousand
SD,1972,677,Thousand
SD,1971,671,Thousand
SD,1970,668,Thousand
SD,1969,668,Thousand
SD,1968,669,Thousand
SD,1967,671,Thousand
SD,1966,683,Thousand
SD,1965,692,Thousand
SD,1964,701,Thousand
SD,1963,708,Thousand
SD,1962,705,Thousand
SD,1961,693,Thousand
SD,1960,683,Thousand
TN,2017,6709,Thousand
TN,2016,6645,Thousand
TN,2015,6591,Thousand
TN,2014,6541,Thousand
TN,2013,6493,Thousand
TN,2012,6451,Thousand
TN,2011,6397,Thousand
TN,2010,6355,Thousand
TN,2009,6306,Thousand
TN,2008,6247,Thousand
TN,2007,6176,Thousand
TN,2006,6089,Thousand
TN,2005,5991,Thousand
TN,2004,5911,Thousand
TN,2003,5848,Thousand
TN,2002,5796,Thousand
TN,2001,5751,Thousand
TN,2000,5704,Thousand
TN,1999,5639,Thousand
TN,1998,5570,Thousand
TN,1997,5499,Thousand
TN,1996,5417,Thousand
TN,1995,5327,Thousand
TN,1994,5231,Thousand
TN,1993,5138,Thousand
TN,1992,5050,Thousand
TN,1991,4967,Thousand
TN,1990,4894,Thousand
TN,1989,4854,Thousand
TN,1988,4822,Thousand
TN,1987,4783,Thousand
TN,1986,4739,Thousand
TN,1985,4715,Thousand
TN,1984,4687,Thousand
TN,1983,4660,Thousand
TN,1982,4646,Thousand
TN,1981,4628,Thousand
TN,1980,4600,Thousand
TN,1979,4560,Thousand
TN,1978,4486,Thousand
TN,1977,4423,Thousand
TN,1976,4347,Thousand
TN,1975,4276,Thousand
TN,1974,4214,Thousand
TN,1973,4147,Thousand
TN,1972,4095,Thousand
TN,1971,4014,Thousand
TN,1970,3937,Thousand
TN,1969,3897,Thousand
TN,1968,3878,Thousand
TN,1967,3859,Thousand
TN,1966,3822,Thousand
TN,1965,3798,Thousand
TN,1964,3771,Thousand
TN,1963,3718,Thousand
TN,1962,3673,Thousand
TN,1961,3622,Thousand
TN,1960,3575,Thousand
TX,2017,28323,Thousand
TX,2016,27937,Thousand
TX,2015,27487,Thousand
TX,2014,26977,Thousand
TX,2013,26489,Thousand
TX,2012,26090,Thousand
TX,2011,25646,Thousand
TX,2010,25243,Thousand
TX,2009,24802,Thousand
TX,2008,24309,Thousand
TX,2007,23832,Thousand
TX,2006,23360,Thousand
TX,2005,22778,Thousand
TX,2004,22394,Thousand
TX,2003,22031,Thousand
TX,2002,21690,Thousand
TX,2001,21320,Thousand
TX,2000,20944,Thousand
TX,1999,20558,Thousand
TX,1998,20158,Thousand
TX,1997,19740,Thousand
TX,1996,19340,Thousand
TX,1995,18959,Thousand
TX,1994,18564,Thousand
TX,1993,18162,Thousand
TX,1992,17760,Thousand
TX,1991,17398,Thousand
TX,1990,17057,Thousand
TX,1989,16807,Thousand
TX,1988,16667,Thousand
TX,1987,16622,Thousand
TX,1986,16561,Thousand
TX,1985,16273,Thousand
TX,1984,16007,Thousand
TX,1983,15752,Thousand
TX,1982,15331,Thousand
TX,1981,14746,Thousand
TX,1980,14338,Thousand
TX,1979,13888,Thousand
TX,1978,13500,Thousand
TX,1977,13193,Thousand
TX,1976,12904,Thousand
TX,1975,12569,Thousand
TX,1974,12269,Thousand
TX,1973,12020,Thousand
TX,1972,11759,Thousand
TX,1971,11510,Thousand
TX,1970,11236,Thousand
TX,1969,11045,Thousand
TX,1968,10819,Thousand
TX,1967,10599,Thousand
TX,1966,10492,Thousand
TX,1965,10378,Thousand
TX,1964,10270,Thousand
TX,1963,10159,Thousand
TX,1962,10053,Thousand
TX,1961,9820,Thousand
TX,1960,9624,Thousand
UT,2017,3103,Thousand
UT,2016,3043,Thousand
UT,2015,2982,Thousand
UT,2014,2937,Thousand
UT,2013,2898,Thousand
UT,2012,2853,Thousand
UT,2011,2814,Thousand
UT,2010,2775,Thousand
UT,2009,2723,Thousand
UT,2008,2663,Thousand
UT,2007,2598,Thousand
UT,2006,2526,Thousand
UT,2005,2458,Thousand
UT,2004,2402,Thousand
UT,2003,2360,Thousand
UT,2002,2325,Thousand
UT,2001,2284,Thousand
UT,2000,2245,Thousand
UT,1999,2203,Thousand
UT,1998,2166,Thousand
UT,1997,2120,Thousand
UT,1996,2068,Thousand
UT,1995,2014,Thousand
UT,1994,1960,Thousand
UT,1993,1898,Thousand
UT,1992,1837,Thousand
UT,1991,1780,Thousand
UT,1990,1731,Thousand
UT,1989,1706,Thousand
UT,1988,1689,Thousand
UT,1987,1678,Thousand
UT,1986,1663,Thousand
UT,1985,1643,Thousand
UT,1984,1622,Thousand
UT,1983,1595,Thousand
UT,1982,1558,Thousand
UT,1981,1515,Thousand
UT,1980,1473,Thousand
UT,1979,1420,Thousand
UT,1978,1368,Thousand
UT,1977,1320,Thousand
UT,1976,1275,Thousand
UT,1975,1236,Thousand
UT,1974,1200,Thousand
UT,1973,1170,Thousand
UT,1972,1135,Thousand
UT,1971,1101,Thousand
UT,1970,1066,Thousand
UT,1969,1047,Thousand
UT,1968,1029,Thousand
UT,1967,1019,Thousand
UT,1966,1009,Thousand
UT,1965,991,Thousand
UT,1964,978,Thousand
UT,1963,974,Thousand
UT,1962,958,Thousand
UT,1961,936,Thousand
UT,1960,900,Thousand
VT,2017,625,Thousand
VT,2016,624,Thousand
VT,2015,625,Thousand
VT,2014,625,Thousand
VT,2013,626,Thousand
VT,2012,626,Thousand
VT,2011,627,Thousand
VT,2010,626,Thousand
VT,2009,625,Thousand
VT,2008,624,Thousand
VT,2007,623,Thousand
VT,2006,623,Thousand
VT,2005,621,Thousand
VT,2004,620,Thousand
VT,2003,618,Thousand
VT,2002,615,Thousand
VT,2001,612,Thousand
VT,2000,610,Thousand
VT,1999,605,Thousand
VT,1998,600,Thousand
VT,1997,597,Thousand
VT,1996,594,Thousand
VT,1995,589,Thousand
VT,1994,584,Thousand
VT,1993,578,Thousand
VT,1992,573,Thousand
VT,1991,569,Thousand
VT,1990,565,Thousand
VT,1989,558,Thousand
VT,1988,550,Thousand
VT,1987,540,Thousand
VT,1986,534,Thousand
VT,1985,530,Thousand
VT,1984,527,Thousand
VT,1983,523,Thousand
VT,1982,519,Thousand
VT,1981,516,Thousand
VT,1980,513,Thousand
VT,1979,505,Thousand
VT,1978,498,Thousand
VT,1977,492,Thousand
VT,1976,485,Thousand
VT,1975,480,Thousand
VT,1974,473,Thousand
VT,1973,468,Thousand
VT,1972,463,Thousand
VT,1971,454,Thousand
VT,1970,446,Thousand
VT,1969,437,Thousand
VT,1968,430,Thousand
VT,1967,423,Thousand
VT,1966,413,Thousand
VT,1965,404,Thousand
VT,1964,399,Thousand
VT,1963,397,Thousand
VT,1962,393,Thousand
VT,1961,390,Thousand
VT,1960,389,Thousand
VA,2017,8465,Thousand
VA,2016,8411,Thousand
VA,2015,8363,Thousand
VA,2014,8312,Thousand
VA,2013,8253,Thousand
VA,2012,8185,Thousand
VA,2011,8100,Thousand
VA,2010,8024,Thousand
VA,2009,7926,Thousand
VA,2008,7833,Thousand
VA,2007,7751,Thousand
VA,2006,7674,Thousand
VA,2005,7577,Thousand
VA,2004,7476,Thousand
VA,2003,7367,Thousand
VA,2002,7287,Thousand
VA,2001,7198,Thousand
VA,2000,7106,Thousand
VA,1999,7000,Thousand
VA,1998,6901,Thousand
VA,1997,6829,Thousand
VA,1996,6751,Thousand
VA,1995,6671,Thousand
VA,1994,6593,Thousand
VA,1993,6510,Thousand
VA,1992,6414,Thousand
VA,1991,6301,Thousand
VA,1990,6217,Thousand
VA,1989,6120,Thousand
VA,1988,6037,Thousand
VA,1987,5932,Thousand
VA,1986,5812,Thousand
VA,1985,5715,Thousand
VA,1984,5644,Thousand
VA,1983,5565,Thousand
VA,1982,5493,Thousand
VA,1981,5444,Thousand
VA,1980,5368,Thousand
VA,1979,5308,Thousand
VA,1978,5270,Thousand
VA,1977,5193,Thousand
VA,1976,5122,Thousand
VA,1975,5047,Thousand
VA,1974,4971,Thousand
VA,1973,4901,Thousand
VA,1972,4824,Thousand
VA,1971,4751,Thousand
VA,1970,4659,Thousand
VA,1969,4614,Thousand
VA,1968,4558,Thousand
VA,1967,4508,Thousand
VA,1966,4456,Thousand
VA,1965,4411,Thousand
VA,1964,4357,Thousand
VA,1963,4276,Thousand
VA,1962,4180,Thousand
VA,1961,4095,Thousand
VA,1960,3986,Thousand
WA,2017,7425,Thousand
WA,2016,7295,Thousand
WA,2015,7164,Thousand
WA,2014,7052,Thousand
WA,2013,6963,Thousand
WA,2012,6893,Thousand
WA,2011,6822,Thousand
WA,2010,6743,Thousand
WA,2009,6667,Thousand
WA,2008,6562,Thousand
WA,2007,6462,Thousand
WA,2006,6371,Thousand
WA,2005,6257,Thousand
WA,2004,6179,Thousand
WA,2003,6104,Thousand
WA,2002,6052,Thousand
WA,2001,5986,Thousand
WA,2000,5911,Thousand
WA,1999,5843,Thousand
WA,1998,5770,Thousand
WA,1997,5675,Thousand
WA,1996,5570,Thousand
WA,1995,5481,Thousand
WA,1994,5375,Thousand
WA,1993,5279,Thousand
WA,1992,5161,Thousand
WA,1991,5026,Thousand
WA,1990,4903,Thousand
WA,1989,4746,Thousand
WA,1988,4640,Thousand
WA,1987,4532,Thousand
WA,1986,4453,Thousand
WA,1985,4400,Thousand
WA,1984,4344,Thousand
WA,1983,4300,Thousand
WA,1982,4277,Thousand
WA,1981,4236,Thousand
WA,1980,4155,Thousand
WA,1979,4018,Thousand
WA,1978,3889,Thousand
WA,1977,3776,Thousand
WA,1976,3694,Thousand
WA,1975,3621,Thousand
WA,1974,3550,Thousand
WA,1973,3479,Thousand
WA,1972,3448,Thousand
WA,1971,3448,Thousand
WA,1970,3413,Thousand
WA,1969,3343,Thousand
WA,1968,3270,Thousand
WA,1967,3174,Thousand
WA,1966,3057,Thousand
WA,1965,2967,Thousand
WA,1964,2961,Thousand
WA,1963,2955,Thousand
WA,1962,2942,Thousand
WA,1961,2882,Thousand
WA,1960,2855,Thousand
WV,2017,1817,Thousand
WV,2016,1831,Thousand
WV,2015,1842,Thousand
WV,2014,1849,Thousand
WV,2013,1854,Thousand
WV,2012,1857,Thousand
WV,2011,1856,Thousand
WV,2010,1854,Thousand
WV,2009,1848,Thousand
WV,2008,1840,Thousand
WV,2007,1834,Thousand
WV,2006,1828,Thousand
WV,2005,1820,Thousand
WV,2004,1816,Thousand
WV,2003,1812,Thousand
WV,2002,1805,Thousand
WV,2001,1801,Thousand
WV,2000,1807,Thousand
WV,1999,1812,Thousand
WV,1998,1816,Thousand
WV,1997,1819,Thousand
WV,1996,1823,Thousand
WV,1995,1824,Thousand
WV,1994,1820,Thousand
WV,1993,1818,Thousand
WV,1992,1806,Thousand
WV,1991,1799,Thousand
WV,1990,1793,Thousand
WV,1989,1807,Thousand
WV,1988,1830,Thousand
WV,1987,1858,Thousand
WV,1986,1882,Thousand
WV,1985,1907,Thousand
WV,1984,1928,Thousand
WV,1983,1945,Thousand
WV,1982,1950,Thousand
WV,1981,1954,Thousand
WV,1980,1951,Thousand
WV,1979,1942,Thousand
WV,1978,1923,Thousand
WV,1977,1908,Thousand
WV,1976,1880,Thousand
WV,1975,1842,Thousand
WV,1974,1815,Thousand
WV,1973,1806,Thousand
WV,1972,1798,Thousand
WV,1971,1771,Thousand
WV,1970,1751,Thousand
WV,1969,1746,Thousand
WV,1968,1763,Thousand
WV,1967,1769,Thousand
WV,1966,1775,Thousand
WV,1965,1786,Thousand
WV,1964,1797,Thousand
WV,1963,1796,Thousand
WV,1962,1809,Thousand
WV,1961,1828,Thousand
WV,1960,1853,Thousand
WI,2017,5792,Thousand
WI,2016,5773,Thousand
WI,2015,5761,Thousand
WI,2014,5752,Thousand
WI,2013,5737,Thousand
WI,2012,5720,Thousand
WI,2011,5705,Thousand
WI,2010,5690,Thousand
WI,2009,5669,Thousand
WI,2008,5641,Thousand
WI,2007,5611,Thousand
WI,2006,5578,Thousand
WI,2005,5546,Thousand
WI,2004,5514,Thousand
WI,2003,5479,Thousand
WI,2002,5445,Thousand
WI,2001,5407,Thousand
WI,2000,5374,Thousand
WI,1999,5333,Thousand
WI,1998,5298,Thousand
WI,1997,5266,Thousand
WI,1996,5230,Thousand
WI,1995,5185,Thousand
WI,1994,5134,Thousand
WI,1993,5085,Thousand
WI,1992,5025,Thousand
WI,1991,4964,Thousand
WI,1990,4905,Thousand
WI,1989,4857,Thousand
WI,1988,4822,Thousand
WI,1987,4778,Thousand
WI,1986,4756,Thousand
WI,1985,4748,Thousand
WI,1984,4736,Thousand
WI,1983,4721,Thousand
WI,1982,4729,Thousand
WI,1981,4726,Thousand
WI,1980,4712,Thousand
WI,1979,4683,Thousand
WI,1978,4646,Thousand
WI,1977,4627,Thousand
WI,1976,4596,Thousand
WI,1975,4579,Thousand
WI,1974,4546,Thousand
WI,1973,4524,Thousand
WI,1972,4502,Thousand
WI,1971,4462,Thousand
WI,1970,4429,Thousand
WI,1969,4378,Thousand
WI,1968,4345,Thousand
WI,1967,4303,Thousand
WI,1966,4274,Thousand
WI,1965,4232,Thousand
WI,1964,4165,Thousand
WI,1963,4112,Thousand
WI,1962,4049,Thousand
WI,1961,4009,Thousand
WI,1960,3962,Thousand
WY,2017,579,Thousand
WY,2016,584,Thousand
WY,2015,586,Thousand
WY,2014,583,Thousand
WY,2013,582,Thousand
WY,2012,576,Thousand
WY,2011,567,Thousand
WY,2010,564,Thousand
WY,2009,560,Thousand
WY,2008,546,Thousand
WY,2007,535,Thousand
WY,2006,523,Thousand
WY,2005,514,Thousand
WY,2004,509,Thousand
WY,2003,503,Thousand
WY,2002,500,Thousand
WY,2001,495,Thousand
WY,2000,494,Thousand
WY,1999,492,Thousand
WY,1998,491,Thousand
WY,1997,489,Thousand
WY,1996,488,Thousand
WY,1995,485,Thousand
WY,1994,480,Thousand
WY,1993,473,Thousand
WY,1992,466,Thousand
WY,1991,459,Thousand
WY,1990,454,Thousand
WY,1989,458,Thousand
WY,1988,465,Thousand
WY,1987,477,Thousand
WY,1986,496,Thousand
WY,1985,500,Thousand
WY,1984,505,Thousand
WY,1983,510,Thousand
WY,1982,506,Thousand
WY,1981,492,Thousand
WY,1980,474,Thousand
WY,1979,454,Thousand
WY,1978,433,Thousand
WY,1977,413,Thousand
WY,1976,397,Thousand
WY,1975,382,Thousand
WY,1974,366,Thousand
WY,1973,354,Thousand
WY,1972,347,Thousand
WY,1971,340,Thousand
WY,1970,334,Thousand
WY,1969,329,Thousand
WY,1968,324,Thousand
WY,1967,322,Thousand
WY,1966,323,Thousand
WY,1965,332,Thousand
WY,1964,339,Thousand
WY,1963,336,Thousand
WY,1962,333,Thousand
WY,1961,337,Thousand
WY,1960,331,Thousand
