State,Year,Average_Price,Price_Unit
AL,2017,15.97,Dollars per million Btu
AL,2016,14.81,Dollars per million Btu
AL,2015,15.68,Dollars per million Btu
AL,2014,18.62,Dollars per million Btu
AL,2013,18.89,Dollars per million Btu
AL,2012,19.86,Dollars per million Btu
AL,2011,20.06,Dollars per million Btu
AL,2010,17.8,Dollars per million Btu
AL,2009,16.55,Dollars per million Btu
AL,2008,19.22,Dollars per million Btu
AL,2007,16.06,Dollars per million Btu
AL,2006,14.96,Dollars per million Btu
AL,2005,13.56,Dollars per million Btu
AL,2004,11.27,Dollars per million Btu
AL,2003,9.98,Dollars per million Btu
AL,2002,9.16,Dollars per million Btu
AL,2001,9.45,Dollars per million Btu
AL,2000,8.78,Dollars per million Btu
AL,1999,7.58,Dollars per million Btu
AL,1998,7.33,Dollars per million Btu
AL,1997,7.52,Dollars per million Btu
AL,1996,7.28,Dollars per million Btu
AL,1995,6.96,Dollars per million Btu
AL,1994,7.09,Dollars per million Btu
AL,1993,7.36,Dollars per million Btu
AL,1992,7.24,Dollars per million Btu
AL,1991,7.49,Dollars per million Btu
AL,1990,7.56,Dollars per million Btu
AL,1989,6.99,Dollars per million Btu
AL,1988,6.84,Dollars per million Btu
AL,1987,7.04,Dollars per million Btu
AL,1986,7.07,Dollars per million Btu
AL,1985,7.68,Dollars per million Btu
AL,1984,7.79,Dollars per million Btu
AL,1983,7.9,Dollars per million Btu
AL,1982,7.91,Dollars per million Btu
AL,1981,7.43,Dollars per million Btu
AL,1980,6.29,Dollars per million Btu
AL,1979,4.9,Dollars per million Btu
AL,1978,3.99,Dollars per million Btu
AL,1977,3.76,Dollars per million Btu
AL,1976,3.21,Dollars per million Btu
AL,1975,2.83,Dollars per million Btu
AL,1974,2.5,Dollars per million Btu
AL,1973,1.84,Dollars per million Btu
AL,1972,1.61,Dollars per million Btu
AL,1971,1.51,Dollars per million Btu
AL,1970,1.37,Dollars per million Btu
AK,2017,18.74,Dollars per million Btu
AK,2016,16.63,Dollars per million Btu
AK,2015,18.82,Dollars per million Btu
AK,2014,24.83,Dollars per million Btu
AK,2013,24.92,Dollars per million Btu
AK,2012,25.44,Dollars per million Btu
AK,2011,25.13,Dollars per million Btu
AK,2010,20.37,Dollars per million Btu
AK,2009,18.22,Dollars per million Btu
AK,2008,23.91,Dollars per million Btu
AK,2007,17.94,Dollars per million Btu
AK,2006,16.61,Dollars per million Btu
AK,2005,13.99,Dollars per million Btu
AK,2004,11.07,Dollars per million Btu
AK,2003,9.08,Dollars per million Btu
AK,2002,7.78,Dollars per million Btu
AK,2001,8.18,Dollars per million Btu
AK,2000,8.03,Dollars per million Btu
AK,1999,6.17,Dollars per million Btu
AK,1998,5.8,Dollars per million Btu
AK,1997,6.74,Dollars per million Btu
AK,1996,6.75,Dollars per million Btu
AK,1995,6.41,Dollars per million Btu
AK,1994,6.37,Dollars per million Btu
AK,1993,6.45,Dollars per million Btu
AK,1992,6.23,Dollars per million Btu
AK,1991,6.31,Dollars per million Btu
AK,1990,6.88,Dollars per million Btu
AK,1989,6.12,Dollars per million Btu
AK,1988,5.46,Dollars per million Btu
AK,1987,5.06,Dollars per million Btu
AK,1986,4.97,Dollars per million Btu
AK,1985,5.94,Dollars per million Btu
AK,1984,6.11,Dollars per million Btu
AK,1983,5.98,Dollars per million Btu
AK,1982,6,Dollars per million Btu
AK,1981,6.38,Dollars per million Btu
AK,1980,5.04,Dollars per million Btu
AK,1979,3.58,Dollars per million Btu
AK,1978,3.08,Dollars per million Btu
AK,1977,3.07,Dollars per million Btu
AK,1976,2.93,Dollars per million Btu
AK,1975,2.69,Dollars per million Btu
AK,1974,2.46,Dollars per million Btu
AK,1973,1.68,Dollars per million Btu
AK,1972,1.55,Dollars per million Btu
AK,1971,1.46,Dollars per million Btu
AK,1970,1.39,Dollars per million Btu
AZ,2017,22.34,Dollars per million Btu
AZ,2016,20.65,Dollars per million Btu
AZ,2015,22.47,Dollars per million Btu
AZ,2014,25.77,Dollars per million Btu
AZ,2013,25.89,Dollars per million Btu
AZ,2012,26.19,Dollars per million Btu
AZ,2011,25.37,Dollars per million Btu
AZ,2010,22.32,Dollars per million Btu
AZ,2009,20.14,Dollars per million Btu
AZ,2008,23.95,Dollars per million Btu
AZ,2007,20.87,Dollars per million Btu
AZ,2006,19.7,Dollars per million Btu
AZ,2005,17.87,Dollars per million Btu
AZ,2004,15.36,Dollars per million Btu
AZ,2003,13.86,Dollars per million Btu
AZ,2002,12.39,Dollars per million Btu
AZ,2001,12.82,Dollars per million Btu
AZ,2000,12.94,Dollars per million Btu
AZ,1999,11.24,Dollars per million Btu
AZ,1998,10.83,Dollars per million Btu
AZ,1997,11.76,Dollars per million Btu
AZ,1996,11.9,Dollars per million Btu
AZ,1995,11.29,Dollars per million Btu
AZ,1994,11.53,Dollars per million Btu
AZ,1993,11.73,Dollars per million Btu
AZ,1992,11.46,Dollars per million Btu
AZ,1991,10.94,Dollars per million Btu
AZ,1990,11.23,Dollars per million Btu
AZ,1989,10.36,Dollars per million Btu
AZ,1988,9.73,Dollars per million Btu
AZ,1987,9.76,Dollars per million Btu
AZ,1986,9.13,Dollars per million Btu
AZ,1985,10.03,Dollars per million Btu
AZ,1984,9.54,Dollars per million Btu
AZ,1983,9.52,Dollars per million Btu
AZ,1982,9.89,Dollars per million Btu
AZ,1981,9.33,Dollars per million Btu
AZ,1980,8.38,Dollars per million Btu
AZ,1979,6.18,Dollars per million Btu
AZ,1978,5.08,Dollars per million Btu
AZ,1977,4.59,Dollars per million Btu
AZ,1976,4.12,Dollars per million Btu
AZ,1975,3.87,Dollars per million Btu
AZ,1974,3.12,Dollars per million Btu
AZ,1973,2.34,Dollars per million Btu
AZ,1972,2.14,Dollars per million Btu
AZ,1971,2.06,Dollars per million Btu
AZ,1970,1.97,Dollars per million Btu
AR,2017,15.76,Dollars per million Btu
AR,2016,14.6,Dollars per million Btu
AR,2015,15.87,Dollars per million Btu
AR,2014,18.86,Dollars per million Btu
AR,2013,19.29,Dollars per million Btu
AR,2012,19.82,Dollars per million Btu
AR,2011,19.59,Dollars per million Btu
AR,2010,16.86,Dollars per million Btu
AR,2009,15.64,Dollars per million Btu
AR,2008,19.96,Dollars per million Btu
AR,2007,16.68,Dollars per million Btu
AR,2006,15.78,Dollars per million Btu
AR,2005,14.46,Dollars per million Btu
AR,2004,11.96,Dollars per million Btu
AR,2003,10.23,Dollars per million Btu
AR,2002,9.39,Dollars per million Btu
AR,2001,10.2,Dollars per million Btu
AR,2000,9.47,Dollars per million Btu
AR,1999,7.9,Dollars per million Btu
AR,1998,7.71,Dollars per million Btu
AR,1997,8.24,Dollars per million Btu
AR,1996,8.13,Dollars per million Btu
AR,1995,7.61,Dollars per million Btu
AR,1994,7.92,Dollars per million Btu
AR,1993,8.11,Dollars per million Btu
AR,1992,8.12,Dollars per million Btu
AR,1991,8.33,Dollars per million Btu
AR,1990,8.2,Dollars per million Btu
AR,1989,7.15,Dollars per million Btu
AR,1988,7.46,Dollars per million Btu
AR,1987,7.99,Dollars per million Btu
AR,1986,7.51,Dollars per million Btu
AR,1985,8.04,Dollars per million Btu
AR,1984,7.83,Dollars per million Btu
AR,1983,7.76,Dollars per million Btu
AR,1982,7.81,Dollars per million Btu
AR,1981,7.38,Dollars per million Btu
AR,1980,6.58,Dollars per million Btu
AR,1979,4.67,Dollars per million Btu
AR,1978,4,Dollars per million Btu
AR,1977,3.81,Dollars per million Btu
AR,1976,3.29,Dollars per million Btu
AR,1975,2.96,Dollars per million Btu
AR,1974,2.49,Dollars per million Btu
AR,1973,1.81,Dollars per million Btu
AR,1972,1.69,Dollars per million Btu
AR,1971,1.65,Dollars per million Btu
AR,1970,1.51,Dollars per million Btu
CA,2017,21.75,Dollars per million Btu
CA,2016,19.9,Dollars per million Btu
CA,2015,21.88,Dollars per million Btu
CA,2014,25.51,Dollars per million Btu
CA,2013,25.08,Dollars per million Btu
CA,2012,25.13,Dollars per million Btu
CA,2011,24.5,Dollars per million Btu
CA,2010,21.13,Dollars per million Btu
CA,2009,18.68,Dollars per million Btu
CA,2008,23.25,Dollars per million Btu
CA,2007,20.15,Dollars per million Btu
CA,2006,19.4,Dollars per million Btu
CA,2005,17.46,Dollars per million Btu
CA,2004,15.17,Dollars per million Btu
CA,2003,13.83,Dollars per million Btu
CA,2002,12.07,Dollars per million Btu
CA,2001,13,Dollars per million Btu
CA,2000,12.05,Dollars per million Btu
CA,1999,10.04,Dollars per million Btu
CA,1998,9.32,Dollars per million Btu
CA,1997,10.36,Dollars per million Btu
CA,1996,9.97,Dollars per million Btu
CA,1995,9.68,Dollars per million Btu
CA,1994,9.61,Dollars per million Btu
CA,1993,9.58,Dollars per million Btu
CA,1992,9.63,Dollars per million Btu
CA,1991,9.14,Dollars per million Btu
CA,1990,9.04,Dollars per million Btu
CA,1989,8.29,Dollars per million Btu
CA,1988,7.87,Dollars per million Btu
CA,1987,7.67,Dollars per million Btu
CA,1986,7.78,Dollars per million Btu
CA,1985,8.9,Dollars per million Btu
CA,1984,8.75,Dollars per million Btu
CA,1983,8.85,Dollars per million Btu
CA,1982,9.3,Dollars per million Btu
CA,1981,8.84,Dollars per million Btu
CA,1980,7.71,Dollars per million Btu
CA,1979,5.54,Dollars per million Btu
CA,1978,4.58,Dollars per million Btu
CA,1977,4.27,Dollars per million Btu
CA,1976,3.8,Dollars per million Btu
CA,1975,3.47,Dollars per million Btu
CA,1974,3.03,Dollars per million Btu
CA,1973,2.13,Dollars per million Btu
CA,1972,1.91,Dollars per million Btu
CA,1971,1.81,Dollars per million Btu
CA,1970,1.74,Dollars per million Btu
CO,2017,17.21,Dollars per million Btu
CO,2016,15.77,Dollars per million Btu
CO,2015,17.19,Dollars per million Btu
CO,2014,21.29,Dollars per million Btu
CO,2013,21.13,Dollars per million Btu
CO,2012,21.8,Dollars per million Btu
CO,2011,21.28,Dollars per million Btu
CO,2010,17.46,Dollars per million Btu
CO,2009,15.48,Dollars per million Btu
CO,2008,19.81,Dollars per million Btu
CO,2007,17.06,Dollars per million Btu
CO,2006,16.94,Dollars per million Btu
CO,2005,15.15,Dollars per million Btu
CO,2004,12.48,Dollars per million Btu
CO,2003,10.78,Dollars per million Btu
CO,2002,9.6,Dollars per million Btu
CO,2001,10.72,Dollars per million Btu
CO,2000,10.25,Dollars per million Btu
CO,1999,8.74,Dollars per million Btu
CO,1998,8.13,Dollars per million Btu
CO,1997,8.79,Dollars per million Btu
CO,1996,8.67,Dollars per million Btu
CO,1995,8.41,Dollars per million Btu
CO,1994,8.34,Dollars per million Btu
CO,1993,7.97,Dollars per million Btu
CO,1992,8.07,Dollars per million Btu
CO,1991,7.98,Dollars per million Btu
CO,1990,8.15,Dollars per million Btu
CO,1989,7.63,Dollars per million Btu
CO,1988,7.19,Dollars per million Btu
CO,1987,7.4,Dollars per million Btu
CO,1986,7.26,Dollars per million Btu
CO,1985,8.23,Dollars per million Btu
CO,1984,8.05,Dollars per million Btu
CO,1983,8.21,Dollars per million Btu
CO,1982,8.39,Dollars per million Btu
CO,1981,7.86,Dollars per million Btu
CO,1980,6.48,Dollars per million Btu
CO,1979,4.94,Dollars per million Btu
CO,1978,3.84,Dollars per million Btu
CO,1977,3.51,Dollars per million Btu
CO,1976,3.13,Dollars per million Btu
CO,1975,2.92,Dollars per million Btu
CO,1974,2.49,Dollars per million Btu
CO,1973,1.85,Dollars per million Btu
CO,1972,1.67,Dollars per million Btu
CO,1971,1.67,Dollars per million Btu
CO,1970,1.52,Dollars per million Btu
CT,2017,23.24,Dollars per million Btu
CT,2016,21.89,Dollars per million Btu
CT,2015,23.31,Dollars per million Btu
CT,2014,27.96,Dollars per million Btu
CT,2013,27.77,Dollars per million Btu
CT,2012,28.66,Dollars per million Btu
CT,2011,28.18,Dollars per million Btu
CT,2010,25.64,Dollars per million Btu
CT,2009,23.65,Dollars per million Btu
CT,2008,29.1,Dollars per million Btu
CT,2007,25.31,Dollars per million Btu
CT,2006,23.09,Dollars per million Btu
CT,2005,19.62,Dollars per million Btu
CT,2004,15.94,Dollars per million Btu
CT,2003,14.42,Dollars per million Btu
CT,2002,13.02,Dollars per million Btu
CT,2001,13.49,Dollars per million Btu
CT,2000,13.51,Dollars per million Btu
CT,1999,12.01,Dollars per million Btu
CT,1998,12.07,Dollars per million Btu
CT,1997,12.73,Dollars per million Btu
CT,1996,12.6,Dollars per million Btu
CT,1995,12.24,Dollars per million Btu
CT,1994,11.78,Dollars per million Btu
CT,1993,11.58,Dollars per million Btu
CT,1992,11.4,Dollars per million Btu
CT,1991,11.6,Dollars per million Btu
CT,1990,11.45,Dollars per million Btu
CT,1989,10.4,Dollars per million Btu
CT,1988,9.83,Dollars per million Btu
CT,1987,9.49,Dollars per million Btu
CT,1986,9.52,Dollars per million Btu
CT,1985,11.01,Dollars per million Btu
CT,1984,11,Dollars per million Btu
CT,1983,11.24,Dollars per million Btu
CT,1982,11.18,Dollars per million Btu
CT,1981,11.16,Dollars per million Btu
CT,1980,8.95,Dollars per million Btu
CT,1979,6.7,Dollars per million Btu
CT,1978,5.09,Dollars per million Btu
CT,1977,4.93,Dollars per million Btu
CT,1976,4.55,Dollars per million Btu
CT,1975,4.51,Dollars per million Btu
CT,1974,4.12,Dollars per million Btu
CT,1973,2.76,Dollars per million Btu
CT,1972,2.5,Dollars per million Btu
CT,1971,2.38,Dollars per million Btu
CT,1970,2.14,Dollars per million Btu
DE,2017,20.19,Dollars per million Btu
DE,2016,18.51,Dollars per million Btu
DE,2015,20.05,Dollars per million Btu
DE,2014,23.8,Dollars per million Btu
DE,2013,24.13,Dollars per million Btu
DE,2012,24.73,Dollars per million Btu
DE,2011,25.3,Dollars per million Btu
DE,2010,23.49,Dollars per million Btu
DE,2009,21.23,Dollars per million Btu
DE,2008,24.35,Dollars per million Btu
DE,2007,21.06,Dollars per million Btu
DE,2006,19.76,Dollars per million Btu
DE,2005,16.48,Dollars per million Btu
DE,2004,14.01,Dollars per million Btu
DE,2003,12.3,Dollars per million Btu
DE,2002,11.17,Dollars per million Btu
DE,2001,11.24,Dollars per million Btu
DE,2000,10.41,Dollars per million Btu
DE,1999,9.51,Dollars per million Btu
DE,1998,9.32,Dollars per million Btu
DE,1997,9.75,Dollars per million Btu
DE,1996,9.35,Dollars per million Btu
DE,1995,9.04,Dollars per million Btu
DE,1994,8.63,Dollars per million Btu
DE,1993,8.41,Dollars per million Btu
DE,1992,8.41,Dollars per million Btu
DE,1991,8.94,Dollars per million Btu
DE,1990,8.75,Dollars per million Btu
DE,1989,8.41,Dollars per million Btu
DE,1988,7.96,Dollars per million Btu
DE,1987,7.53,Dollars per million Btu
DE,1986,7.7,Dollars per million Btu
DE,1985,9.14,Dollars per million Btu
DE,1984,8.78,Dollars per million Btu
DE,1983,9.09,Dollars per million Btu
DE,1982,9.13,Dollars per million Btu
DE,1981,8.94,Dollars per million Btu
DE,1980,7.38,Dollars per million Btu
DE,1979,5.89,Dollars per million Btu
DE,1978,5,Dollars per million Btu
DE,1977,4.64,Dollars per million Btu
DE,1976,4.05,Dollars per million Btu
DE,1975,3.95,Dollars per million Btu
DE,1974,3.41,Dollars per million Btu
DE,1973,2.2,Dollars per million Btu
DE,1972,2.03,Dollars per million Btu
DE,1971,1.88,Dollars per million Btu
DE,1970,1.71,Dollars per million Btu
DC,2017,22.87,Dollars per million Btu
DC,2016,22.36,Dollars per million Btu
DC,2015,23.1,Dollars per million Btu
DC,2014,24.92,Dollars per million Btu
DC,2013,24.7,Dollars per million Btu
DC,2012,25.42,Dollars per million Btu
DC,2011,26.59,Dollars per million Btu
DC,2010,25.7,Dollars per million Btu
DC,2009,24.38,Dollars per million Btu
DC,2008,27.52,Dollars per million Btu
DC,2007,24.57,Dollars per million Btu
DC,2006,24.03,Dollars per million Btu
DC,2005,20.08,Dollars per million Btu
DC,2004,16.74,Dollars per million Btu
DC,2003,15.82,Dollars per million Btu
DC,2002,14.62,Dollars per million Btu
DC,2001,15.21,Dollars per million Btu
DC,2000,14.58,Dollars per million Btu
DC,1999,13.28,Dollars per million Btu
DC,1998,13.2,Dollars per million Btu
DC,1997,13.19,Dollars per million Btu
DC,1996,13.11,Dollars per million Btu
DC,1995,12.4,Dollars per million Btu
DC,1994,12.41,Dollars per million Btu
DC,1993,11.91,Dollars per million Btu
DC,1992,11.41,Dollars per million Btu
DC,1991,11.13,Dollars per million Btu
DC,1990,11.13,Dollars per million Btu
DC,1989,10.47,Dollars per million Btu
DC,1988,10.31,Dollars per million Btu
DC,1987,10.09,Dollars per million Btu
DC,1986,10.29,Dollars per million Btu
DC,1985,11.56,Dollars per million Btu
DC,1984,11.09,Dollars per million Btu
DC,1983,10.91,Dollars per million Btu
DC,1982,10.18,Dollars per million Btu
DC,1981,9.86,Dollars per million Btu
DC,1980,8.7,Dollars per million Btu
DC,1979,6.72,Dollars per million Btu
DC,1978,5.76,Dollars per million Btu
DC,1977,5.12,Dollars per million Btu
DC,1976,4.53,Dollars per million Btu
DC,1975,4.33,Dollars per million Btu
DC,1974,3.71,Dollars per million Btu
DC,1973,2.38,Dollars per million Btu
DC,1972,2.15,Dollars per million Btu
DC,1971,1.97,Dollars per million Btu
DC,1970,1.72,Dollars per million Btu
FL,2017,20.44,Dollars per million Btu
FL,2016,18.81,Dollars per million Btu
FL,2015,20.44,Dollars per million Btu
FL,2014,25.1,Dollars per million Btu
FL,2013,25.19,Dollars per million Btu
FL,2012,25.61,Dollars per million Btu
FL,2011,25.51,Dollars per million Btu
FL,2010,22.1,Dollars per million Btu
FL,2009,21.32,Dollars per million Btu
FL,2008,25.21,Dollars per million Btu
FL,2007,21.67,Dollars per million Btu
FL,2006,20.75,Dollars per million Btu
FL,2005,17.97,Dollars per million Btu
FL,2004,15.21,Dollars per million Btu
FL,2003,13.59,Dollars per million Btu
FL,2002,12.16,Dollars per million Btu
FL,2001,12.62,Dollars per million Btu
FL,2000,12.07,Dollars per million Btu
FL,1999,10.44,Dollars per million Btu
FL,1998,10.17,Dollars per million Btu
FL,1997,10.84,Dollars per million Btu
FL,1996,10.71,Dollars per million Btu
FL,1995,10.07,Dollars per million Btu
FL,1994,9.9,Dollars per million Btu
FL,1993,10.16,Dollars per million Btu
FL,1992,9.9,Dollars per million Btu
FL,1991,10.23,Dollars per million Btu
FL,1990,10.2,Dollars per million Btu
FL,1989,9.31,Dollars per million Btu
FL,1988,9.16,Dollars per million Btu
FL,1987,9.25,Dollars per million Btu
FL,1986,9.2,Dollars per million Btu
FL,1985,10.74,Dollars per million Btu
FL,1984,10.52,Dollars per million Btu
FL,1983,10.25,Dollars per million Btu
FL,1982,10.73,Dollars per million Btu
FL,1981,10.64,Dollars per million Btu
FL,1980,8.75,Dollars per million Btu
FL,1979,6.59,Dollars per million Btu
FL,1978,5.37,Dollars per million Btu
FL,1977,4.94,Dollars per million Btu
FL,1976,4.7,Dollars per million Btu
FL,1975,4.57,Dollars per million Btu
FL,1974,3.97,Dollars per million Btu
FL,1973,2.8,Dollars per million Btu
FL,1972,2.57,Dollars per million Btu
FL,1971,2.41,Dollars per million Btu
FL,1970,2.33,Dollars per million Btu
GA,2017,17.92,Dollars per million Btu
GA,2016,16.53,Dollars per million Btu
GA,2015,17.41,Dollars per million Btu
GA,2014,21.21,Dollars per million Btu
GA,2013,21.43,Dollars per million Btu
GA,2012,21.8,Dollars per million Btu
GA,2011,21.6,Dollars per million Btu
GA,2010,18.35,Dollars per million Btu
GA,2009,16.7,Dollars per million Btu
GA,2008,21.01,Dollars per million Btu
GA,2007,17.33,Dollars per million Btu
GA,2006,16.45,Dollars per million Btu
GA,2005,15.29,Dollars per million Btu
GA,2004,12.42,Dollars per million Btu
GA,2003,10.79,Dollars per million Btu
GA,2002,9.53,Dollars per million Btu
GA,2001,10.23,Dollars per million Btu
GA,2000,9.93,Dollars per million Btu
GA,1999,8.14,Dollars per million Btu
GA,1998,8.04,Dollars per million Btu
GA,1997,8.4,Dollars per million Btu
GA,1996,8.41,Dollars per million Btu
GA,1995,8.03,Dollars per million Btu
GA,1994,8.14,Dollars per million Btu
GA,1993,8.22,Dollars per million Btu
GA,1992,8.12,Dollars per million Btu
GA,1991,8.23,Dollars per million Btu
GA,1990,8.32,Dollars per million Btu
GA,1989,7.59,Dollars per million Btu
GA,1988,7.51,Dollars per million Btu
GA,1987,7.51,Dollars per million Btu
GA,1986,7.38,Dollars per million Btu
GA,1985,8.36,Dollars per million Btu
GA,1984,8.31,Dollars per million Btu
GA,1983,8.21,Dollars per million Btu
GA,1982,8.69,Dollars per million Btu
GA,1981,8.38,Dollars per million Btu
GA,1980,7.25,Dollars per million Btu
GA,1979,5.45,Dollars per million Btu
GA,1978,4.6,Dollars per million Btu
GA,1977,4.32,Dollars per million Btu
GA,1976,3.9,Dollars per million Btu
GA,1975,3.64,Dollars per million Btu
GA,1974,3.11,Dollars per million Btu
GA,1973,2.2,Dollars per million Btu
GA,1972,2.04,Dollars per million Btu
GA,1971,1.98,Dollars per million Btu
GA,1970,1.85,Dollars per million Btu
HI,2017,27.81,Dollars per million Btu
HI,2016,25.11,Dollars per million Btu
HI,2015,28.29,Dollars per million Btu
HI,2014,37.46,Dollars per million Btu
HI,2013,38.78,Dollars per million Btu
HI,2012,40.15,Dollars per million Btu
HI,2011,38.37,Dollars per million Btu
HI,2010,30.47,Dollars per million Btu
HI,2009,25.21,Dollars per million Btu
HI,2008,35.87,Dollars per million Btu
HI,2007,24.98,Dollars per million Btu
HI,2006,24.33,Dollars per million Btu
HI,2005,21.39,Dollars per million Btu
HI,2004,17.73,Dollars per million Btu
HI,2003,15.6,Dollars per million Btu
HI,2002,14.23,Dollars per million Btu
HI,2001,15.34,Dollars per million Btu
HI,2000,15.23,Dollars per million Btu
HI,1999,12.49,Dollars per million Btu
HI,1998,11.88,Dollars per million Btu
HI,1997,13.32,Dollars per million Btu
HI,1996,13.04,Dollars per million Btu
HI,1995,11.14,Dollars per million Btu
HI,1994,10.72,Dollars per million Btu
HI,1993,10.97,Dollars per million Btu
HI,1992,9.62,Dollars per million Btu
HI,1991,9.81,Dollars per million Btu
HI,1990,9.92,Dollars per million Btu
HI,1989,8.48,Dollars per million Btu
HI,1988,7.83,Dollars per million Btu
HI,1987,8.65,Dollars per million Btu
HI,1986,8.46,Dollars per million Btu
HI,1985,10.22,Dollars per million Btu
HI,1984,11.01,Dollars per million Btu
HI,1983,11.43,Dollars per million Btu
HI,1982,12.3,Dollars per million Btu
HI,1981,11.79,Dollars per million Btu
HI,1980,8.67,Dollars per million Btu
HI,1979,6.12,Dollars per million Btu
HI,1978,5.06,Dollars per million Btu
HI,1977,4.6,Dollars per million Btu
HI,1976,4.27,Dollars per million Btu
HI,1975,3.95,Dollars per million Btu
HI,1974,3.14,Dollars per million Btu
HI,1973,2.16,Dollars per million Btu
HI,1972,1.89,Dollars per million Btu
HI,1971,1.8,Dollars per million Btu
HI,1970,1.72,Dollars per million Btu
ID,2017,16.66,Dollars per million Btu
ID,2016,15.49,Dollars per million Btu
ID,2015,16.9,Dollars per million Btu
ID,2014,20.63,Dollars per million Btu
ID,2013,20.21,Dollars per million Btu
ID,2012,20.25,Dollars per million Btu
ID,2011,19.69,Dollars per million Btu
ID,2010,17.18,Dollars per million Btu
ID,2009,15.56,Dollars per million Btu
ID,2008,18.09,Dollars per million Btu
ID,2007,15.91,Dollars per million Btu
ID,2006,15.07,Dollars per million Btu
ID,2005,13.65,Dollars per million Btu
ID,2004,11.68,Dollars per million Btu
ID,2003,10.7,Dollars per million Btu
ID,2002,9.95,Dollars per million Btu
ID,2001,9.78,Dollars per million Btu
ID,2000,9.04,Dollars per million Btu
ID,1999,7.61,Dollars per million Btu
ID,1998,7.37,Dollars per million Btu
ID,1997,7.89,Dollars per million Btu
ID,1996,7.94,Dollars per million Btu
ID,1995,7.52,Dollars per million Btu
ID,1994,7.7,Dollars per million Btu
ID,1993,7.55,Dollars per million Btu
ID,1992,7.52,Dollars per million Btu
ID,1991,7.36,Dollars per million Btu
ID,1990,7.46,Dollars per million Btu
ID,1989,6.96,Dollars per million Btu
ID,1988,7.14,Dollars per million Btu
ID,1987,7.26,Dollars per million Btu
ID,1986,6.96,Dollars per million Btu
ID,1985,8.03,Dollars per million Btu
ID,1984,7.93,Dollars per million Btu
ID,1983,7.77,Dollars per million Btu
ID,1982,7.89,Dollars per million Btu
ID,1981,7.56,Dollars per million Btu
ID,1980,6.64,Dollars per million Btu
ID,1979,4.88,Dollars per million Btu
ID,1978,3.95,Dollars per million Btu
ID,1977,3.72,Dollars per million Btu
ID,1976,3.36,Dollars per million Btu
ID,1975,3,Dollars per million Btu
ID,1974,2.65,Dollars per million Btu
ID,1973,2.04,Dollars per million Btu
ID,1972,1.82,Dollars per million Btu
ID,1971,1.79,Dollars per million Btu
ID,1970,1.76,Dollars per million Btu
IL,2017,15.89,Dollars per million Btu
IL,2016,14.59,Dollars per million Btu
IL,2015,15.57,Dollars per million Btu
IL,2014,18.87,Dollars per million Btu
IL,2013,18.35,Dollars per million Btu
IL,2012,19.18,Dollars per million Btu
IL,2011,19.38,Dollars per million Btu
IL,2010,17.26,Dollars per million Btu
IL,2009,15.79,Dollars per million Btu
IL,2008,19.87,Dollars per million Btu
IL,2007,17.3,Dollars per million Btu
IL,2006,15.91,Dollars per million Btu
IL,2005,14.75,Dollars per million Btu
IL,2004,12.47,Dollars per million Btu
IL,2003,11.25,Dollars per million Btu
IL,2002,10.13,Dollars per million Btu
IL,2001,11.1,Dollars per million Btu
IL,2000,10.47,Dollars per million Btu
IL,1999,8.73,Dollars per million Btu
IL,1998,8.81,Dollars per million Btu
IL,1997,9.24,Dollars per million Btu
IL,1996,9.1,Dollars per million Btu
IL,1995,8.71,Dollars per million Btu
IL,1994,8.76,Dollars per million Btu
IL,1993,8.79,Dollars per million Btu
IL,1992,8.51,Dollars per million Btu
IL,1991,8.64,Dollars per million Btu
IL,1990,8.73,Dollars per million Btu
IL,1989,8.03,Dollars per million Btu
IL,1988,7.63,Dollars per million Btu
IL,1987,7.99,Dollars per million Btu
IL,1986,7.81,Dollars per million Btu
IL,1985,8.48,Dollars per million Btu
IL,1984,8.15,Dollars per million Btu
IL,1983,8.5,Dollars per million Btu
IL,1982,8.21,Dollars per million Btu
IL,1981,7.65,Dollars per million Btu
IL,1980,6.72,Dollars per million Btu
IL,1979,5.2,Dollars per million Btu
IL,1978,4.18,Dollars per million Btu
IL,1977,3.81,Dollars per million Btu
IL,1976,3.42,Dollars per million Btu
IL,1975,3.17,Dollars per million Btu
IL,1974,2.77,Dollars per million Btu
IL,1973,2.09,Dollars per million Btu
IL,1972,1.86,Dollars per million Btu
IL,1971,1.79,Dollars per million Btu
IL,1970,1.7,Dollars per million Btu
IN,2017,15.1,Dollars per million Btu
IN,2016,13.73,Dollars per million Btu
IN,2015,14.95,Dollars per million Btu
IN,2014,18.09,Dollars per million Btu
IN,2013,18.02,Dollars per million Btu
IN,2012,18.21,Dollars per million Btu
IN,2011,17.89,Dollars per million Btu
IN,2010,15.01,Dollars per million Btu
IN,2009,14.04,Dollars per million Btu
IN,2008,17.08,Dollars per million Btu
IN,2007,14.46,Dollars per million Btu
IN,2006,13.91,Dollars per million Btu
IN,2005,12.6,Dollars per million Btu
IN,2004,10.19,Dollars per million Btu
IN,2003,9.17,Dollars per million Btu
IN,2002,8.19,Dollars per million Btu
IN,2001,8.82,Dollars per million Btu
IN,2000,8.23,Dollars per million Btu
IN,1999,7.21,Dollars per million Btu
IN,1998,7.07,Dollars per million Btu
IN,1997,7.4,Dollars per million Btu
IN,1996,7.18,Dollars per million Btu
IN,1995,6.89,Dollars per million Btu
IN,1994,7.07,Dollars per million Btu
IN,1993,6.69,Dollars per million Btu
IN,1992,6.64,Dollars per million Btu
IN,1991,6.77,Dollars per million Btu
IN,1990,6.74,Dollars per million Btu
IN,1989,6.33,Dollars per million Btu
IN,1988,6.08,Dollars per million Btu
IN,1987,6.1,Dollars per million Btu
IN,1986,6.3,Dollars per million Btu
IN,1985,6.92,Dollars per million Btu
IN,1984,6.8,Dollars per million Btu
IN,1983,6.84,Dollars per million Btu
IN,1982,6.86,Dollars per million Btu
IN,1981,6.35,Dollars per million Btu
IN,1980,5.65,Dollars per million Btu
IN,1979,4.44,Dollars per million Btu
IN,1978,3.77,Dollars per million Btu
IN,1977,3.47,Dollars per million Btu
IN,1976,3.04,Dollars per million Btu
IN,1975,2.83,Dollars per million Btu
IN,1974,2.43,Dollars per million Btu
IN,1973,1.75,Dollars per million Btu
IN,1972,1.54,Dollars per million Btu
IN,1971,1.52,Dollars per million Btu
IN,1970,1.45,Dollars per million Btu
IA,2017,13.68,Dollars per million Btu
IA,2016,12.92,Dollars per million Btu
IA,2015,13.91,Dollars per million Btu
IA,2014,17.64,Dollars per million Btu
IA,2013,17.22,Dollars per million Btu
IA,2012,17.67,Dollars per million Btu
IA,2011,17.79,Dollars per million Btu
IA,2010,15.36,Dollars per million Btu
IA,2009,14.26,Dollars per million Btu
IA,2008,18.05,Dollars per million Btu
IA,2007,16.09,Dollars per million Btu
IA,2006,15.59,Dollars per million Btu
IA,2005,14.3,Dollars per million Btu
IA,2004,11.9,Dollars per million Btu
IA,2003,10.45,Dollars per million Btu
IA,2002,9.36,Dollars per million Btu
IA,2001,10.21,Dollars per million Btu
IA,2000,9.9,Dollars per million Btu
IA,1999,7.92,Dollars per million Btu
IA,1998,7.66,Dollars per million Btu
IA,1997,8.14,Dollars per million Btu
IA,1996,7.96,Dollars per million Btu
IA,1995,7.59,Dollars per million Btu
IA,1994,7.7,Dollars per million Btu
IA,1993,7.74,Dollars per million Btu
IA,1992,7.6,Dollars per million Btu
IA,1991,7.46,Dollars per million Btu
IA,1990,7.66,Dollars per million Btu
IA,1989,7.17,Dollars per million Btu
IA,1988,6.89,Dollars per million Btu
IA,1987,7.04,Dollars per million Btu
IA,1986,7.27,Dollars per million Btu
IA,1985,8.04,Dollars per million Btu
IA,1984,8.06,Dollars per million Btu
IA,1983,8.25,Dollars per million Btu
IA,1982,8.06,Dollars per million Btu
IA,1981,7.74,Dollars per million Btu
IA,1980,6.68,Dollars per million Btu
IA,1979,5.1,Dollars per million Btu
IA,1978,4.34,Dollars per million Btu
IA,1977,3.92,Dollars per million Btu
IA,1976,3.43,Dollars per million Btu
IA,1975,3.13,Dollars per million Btu
IA,1974,2.71,Dollars per million Btu
IA,1973,2.16,Dollars per million Btu
IA,1972,2,Dollars per million Btu
IA,1971,1.91,Dollars per million Btu
IA,1970,1.8,Dollars per million Btu
KS,2017,17.3,Dollars per million Btu
KS,2016,16.01,Dollars per million Btu
KS,2015,16.99,Dollars per million Btu
KS,2014,21.21,Dollars per million Btu
KS,2013,21.15,Dollars per million Btu
KS,2012,21,Dollars per million Btu
KS,2011,20.38,Dollars per million Btu
KS,2010,17.56,Dollars per million Btu
KS,2009,15.67,Dollars per million Btu
KS,2008,19.85,Dollars per million Btu
KS,2007,17.32,Dollars per million Btu
KS,2006,16.19,Dollars per million Btu
KS,2005,14.9,Dollars per million Btu
KS,2004,12.56,Dollars per million Btu
KS,2003,11.11,Dollars per million Btu
KS,2002,9.83,Dollars per million Btu
KS,2001,10.71,Dollars per million Btu
KS,2000,10.41,Dollars per million Btu
KS,1999,8.57,Dollars per million Btu
KS,1998,8.24,Dollars per million Btu
KS,1997,8.86,Dollars per million Btu
KS,1996,8.57,Dollars per million Btu
KS,1995,7.75,Dollars per million Btu
KS,1994,7.41,Dollars per million Btu
KS,1993,7.52,Dollars per million Btu
KS,1992,7.62,Dollars per million Btu
KS,1991,7.42,Dollars per million Btu
KS,1990,7.65,Dollars per million Btu
KS,1989,7.33,Dollars per million Btu
KS,1988,6.86,Dollars per million Btu
KS,1987,7.06,Dollars per million Btu
KS,1986,7.12,Dollars per million Btu
KS,1985,7.31,Dollars per million Btu
KS,1984,7.58,Dollars per million Btu
KS,1983,7.88,Dollars per million Btu
KS,1982,7.45,Dollars per million Btu
KS,1981,7.08,Dollars per million Btu
KS,1980,6,Dollars per million Btu
KS,1979,4.4,Dollars per million Btu
KS,1978,3.7,Dollars per million Btu
KS,1977,3.55,Dollars per million Btu
KS,1976,3.18,Dollars per million Btu
KS,1975,2.89,Dollars per million Btu
KS,1974,2.46,Dollars per million Btu
KS,1973,1.86,Dollars per million Btu
KS,1972,1.59,Dollars per million Btu
KS,1971,1.57,Dollars per million Btu
KS,1970,1.56,Dollars per million Btu
KY,2017,16.73,Dollars per million Btu
KY,2016,15.25,Dollars per million Btu
KY,2015,16.37,Dollars per million Btu
KY,2014,20.43,Dollars per million Btu
KY,2013,20.81,Dollars per million Btu
KY,2012,20.68,Dollars per million Btu
KY,2011,20.59,Dollars per million Btu
KY,2010,17.19,Dollars per million Btu
KY,2009,15.28,Dollars per million Btu
KY,2008,19.07,Dollars per million Btu
KY,2007,16,Dollars per million Btu
KY,2006,15,Dollars per million Btu
KY,2005,13.57,Dollars per million Btu
KY,2004,11.08,Dollars per million Btu
KY,2003,9.77,Dollars per million Btu
KY,2002,8.8,Dollars per million Btu
KY,2001,9.3,Dollars per million Btu
KY,2000,9.3,Dollars per million Btu
KY,1999,7.82,Dollars per million Btu
KY,1998,7.55,Dollars per million Btu
KY,1997,8.07,Dollars per million Btu
KY,1996,7.9,Dollars per million Btu
KY,1995,7.41,Dollars per million Btu
KY,1994,7.59,Dollars per million Btu
KY,1993,7.55,Dollars per million Btu
KY,1992,7.42,Dollars per million Btu
KY,1991,7.71,Dollars per million Btu
KY,1990,7.87,Dollars per million Btu
KY,1989,7.4,Dollars per million Btu
KY,1988,7.25,Dollars per million Btu
KY,1987,7.29,Dollars per million Btu
KY,1986,7.21,Dollars per million Btu
KY,1985,7.94,Dollars per million Btu
KY,1984,7.81,Dollars per million Btu
KY,1983,8.04,Dollars per million Btu
KY,1982,8.28,Dollars per million Btu
KY,1981,7.92,Dollars per million Btu
KY,1980,6.73,Dollars per million Btu
KY,1979,5.06,Dollars per million Btu
KY,1978,4.17,Dollars per million Btu
KY,1977,3.85,Dollars per million Btu
KY,1976,3.38,Dollars per million Btu
KY,1975,3.28,Dollars per million Btu
KY,1974,2.75,Dollars per million Btu
KY,1973,2.06,Dollars per million Btu
KY,1972,1.84,Dollars per million Btu
KY,1971,1.78,Dollars per million Btu
KY,1970,1.68,Dollars per million Btu
LA,2017,10.28,Dollars per million Btu
LA,2016,9.24,Dollars per million Btu
LA,2015,10.53,Dollars per million Btu
LA,2014,15.14,Dollars per million Btu
LA,2013,15.33,Dollars per million Btu
LA,2012,15.24,Dollars per million Btu
LA,2011,17.55,Dollars per million Btu
LA,2010,14.81,Dollars per million Btu
LA,2009,12.79,Dollars per million Btu
LA,2008,19.87,Dollars per million Btu
LA,2007,15.14,Dollars per million Btu
LA,2006,14.25,Dollars per million Btu
LA,2005,13.13,Dollars per million Btu
LA,2004,10.12,Dollars per million Btu
LA,2003,8.58,Dollars per million Btu
LA,2002,7.02,Dollars per million Btu
LA,2001,7.93,Dollars per million Btu
LA,2000,7.6,Dollars per million Btu
LA,1999,5.61,Dollars per million Btu
LA,1998,5.08,Dollars per million Btu
LA,1997,5.7,Dollars per million Btu
LA,1996,6.02,Dollars per million Btu
LA,1995,5.16,Dollars per million Btu
LA,1994,5.26,Dollars per million Btu
LA,1993,5.35,Dollars per million Btu
LA,1992,5.2,Dollars per million Btu
LA,1991,5.58,Dollars per million Btu
LA,1990,5.9,Dollars per million Btu
LA,1989,5.14,Dollars per million Btu
LA,1988,5.16,Dollars per million Btu
LA,1987,5.23,Dollars per million Btu
LA,1986,5.04,Dollars per million Btu
LA,1985,6.54,Dollars per million Btu
LA,1984,6.44,Dollars per million Btu
LA,1983,6.49,Dollars per million Btu
LA,1982,6.64,Dollars per million Btu
LA,1981,5.93,Dollars per million Btu
LA,1980,4.78,Dollars per million Btu
LA,1979,3.39,Dollars per million Btu
LA,1978,2.67,Dollars per million Btu
LA,1977,2.61,Dollars per million Btu
LA,1976,2.36,Dollars per million Btu
LA,1975,2.08,Dollars per million Btu
LA,1974,1.78,Dollars per million Btu
LA,1973,1.17,Dollars per million Btu
LA,1972,1.06,Dollars per million Btu
LA,1971,1,Dollars per million Btu
LA,1970,0.95,Dollars per million Btu
ME,2017,18.15,Dollars per million Btu
ME,2016,16.71,Dollars per million Btu
ME,2015,17.93,Dollars per million Btu
ME,2014,22.71,Dollars per million Btu
ME,2013,21.72,Dollars per million Btu
ME,2012,21.89,Dollars per million Btu
ME,2011,21.87,Dollars per million Btu
ME,2010,18.69,Dollars per million Btu
ME,2009,17.48,Dollars per million Btu
ME,2008,20.35,Dollars per million Btu
ME,2007,18.83,Dollars per million Btu
ME,2006,17.13,Dollars per million Btu
ME,2005,14.89,Dollars per million Btu
ME,2004,12.55,Dollars per million Btu
ME,2003,11.22,Dollars per million Btu
ME,2002,9.85,Dollars per million Btu
ME,2001,10.18,Dollars per million Btu
ME,2000,9.7,Dollars per million Btu
ME,1999,8.36,Dollars per million Btu
ME,1998,8,Dollars per million Btu
ME,1997,8.26,Dollars per million Btu
ME,1996,8.18,Dollars per million Btu
ME,1995,7.66,Dollars per million Btu
ME,1994,7.81,Dollars per million Btu
ME,1993,7.87,Dollars per million Btu
ME,1992,7.8,Dollars per million Btu
ME,1991,7.96,Dollars per million Btu
ME,1990,8.09,Dollars per million Btu
ME,1989,7.07,Dollars per million Btu
ME,1988,7.37,Dollars per million Btu
ME,1987,7.6,Dollars per million Btu
ME,1986,7.07,Dollars per million Btu
ME,1985,8.85,Dollars per million Btu
ME,1984,8.57,Dollars per million Btu
ME,1983,8.67,Dollars per million Btu
ME,1982,8.18,Dollars per million Btu
ME,1981,9.08,Dollars per million Btu
ME,1980,7.9,Dollars per million Btu
ME,1979,5.7,Dollars per million Btu
ME,1978,4.26,Dollars per million Btu
ME,1977,4,Dollars per million Btu
ME,1976,3.6,Dollars per million Btu
ME,1975,3.7,Dollars per million Btu
ME,1974,3.2,Dollars per million Btu
ME,1973,1.97,Dollars per million Btu
ME,1972,1.78,Dollars per million Btu
ME,1971,1.79,Dollars per million Btu
ME,1970,1.93,Dollars per million Btu
MD,2017,21.55,Dollars per million Btu
MD,2016,20.2,Dollars per million Btu
MD,2015,21.3,Dollars per million Btu
MD,2014,25.25,Dollars per million Btu
MD,2013,25.44,Dollars per million Btu
MD,2012,25.7,Dollars per million Btu
MD,2011,25.49,Dollars per million Btu
MD,2010,22.83,Dollars per million Btu
MD,2009,21.12,Dollars per million Btu
MD,2008,25.32,Dollars per million Btu
MD,2007,21.62,Dollars per million Btu
MD,2006,20.02,Dollars per million Btu
MD,2005,16.83,Dollars per million Btu
MD,2004,13.87,Dollars per million Btu
MD,2003,12.34,Dollars per million Btu
MD,2002,11.08,Dollars per million Btu
MD,2001,11.86,Dollars per million Btu
MD,2000,11.87,Dollars per million Btu
MD,1999,10.54,Dollars per million Btu
MD,1998,10.17,Dollars per million Btu
MD,1997,10.51,Dollars per million Btu
MD,1996,10.73,Dollars per million Btu
MD,1995,10.25,Dollars per million Btu
MD,1994,10.22,Dollars per million Btu
MD,1993,10.13,Dollars per million Btu
MD,1992,9.89,Dollars per million Btu
MD,1991,9.69,Dollars per million Btu
MD,1990,9.44,Dollars per million Btu
MD,1989,8.6,Dollars per million Btu
MD,1988,8.02,Dollars per million Btu
MD,1987,7.96,Dollars per million Btu
MD,1986,8.14,Dollars per million Btu
MD,1985,9.02,Dollars per million Btu
MD,1984,8.57,Dollars per million Btu
MD,1983,8.92,Dollars per million Btu
MD,1982,9.04,Dollars per million Btu
MD,1981,8.76,Dollars per million Btu
MD,1980,7.65,Dollars per million Btu
MD,1979,5.65,Dollars per million Btu
MD,1978,4.99,Dollars per million Btu
MD,1977,4.67,Dollars per million Btu
MD,1976,4.13,Dollars per million Btu
MD,1975,4,Dollars per million Btu
MD,1974,3.39,Dollars per million Btu
MD,1973,2.18,Dollars per million Btu
MD,1972,2.07,Dollars per million Btu
MD,1971,1.94,Dollars per million Btu
MD,1970,1.79,Dollars per million Btu
MA,2017,22.13,Dollars per million Btu
MA,2016,20.65,Dollars per million Btu
MA,2015,22.52,Dollars per million Btu
MA,2014,26.61,Dollars per million Btu
MA,2013,26.54,Dollars per million Btu
MA,2012,26.88,Dollars per million Btu
MA,2011,26.17,Dollars per million Btu
MA,2010,23.33,Dollars per million Btu
MA,2009,22.08,Dollars per million Btu
MA,2008,27.38,Dollars per million Btu
MA,2007,24.18,Dollars per million Btu
MA,2006,23.41,Dollars per million Btu
MA,2005,19.51,Dollars per million Btu
MA,2004,16.33,Dollars per million Btu
MA,2003,14.76,Dollars per million Btu
MA,2002,12.77,Dollars per million Btu
MA,2001,14.3,Dollars per million Btu
MA,2000,13.03,Dollars per million Btu
MA,1999,10.98,Dollars per million Btu
MA,1998,10.89,Dollars per million Btu
MA,1997,11.77,Dollars per million Btu
MA,1996,11.45,Dollars per million Btu
MA,1995,11.08,Dollars per million Btu
MA,1994,10.75,Dollars per million Btu
MA,1993,10.48,Dollars per million Btu
MA,1992,10.29,Dollars per million Btu
MA,1991,10.67,Dollars per million Btu
MA,1990,10.4,Dollars per million Btu
MA,1989,9.36,Dollars per million Btu
MA,1988,8.72,Dollars per million Btu
MA,1987,8.57,Dollars per million Btu
MA,1986,8.26,Dollars per million Btu
MA,1985,9.93,Dollars per million Btu
MA,1984,10.17,Dollars per million Btu
MA,1983,10.27,Dollars per million Btu
MA,1982,10.14,Dollars per million Btu
MA,1981,10.48,Dollars per million Btu
MA,1980,8.76,Dollars per million Btu
MA,1979,6.57,Dollars per million Btu
MA,1978,4.9,Dollars per million Btu
MA,1977,4.74,Dollars per million Btu
MA,1976,4.32,Dollars per million Btu
MA,1975,4.12,Dollars per million Btu
MA,1974,3.69,Dollars per million Btu
MA,1973,2.41,Dollars per million Btu
MA,1972,2.17,Dollars per million Btu
MA,1971,2.09,Dollars per million Btu
MA,1970,1.89,Dollars per million Btu
MI,2017,16.56,Dollars per million Btu
MI,2016,15.68,Dollars per million Btu
MI,2015,16.51,Dollars per million Btu
MI,2014,19.84,Dollars per million Btu
MI,2013,20.29,Dollars per million Btu
MI,2012,21.3,Dollars per million Btu
MI,2011,20.7,Dollars per million Btu
MI,2010,18.34,Dollars per million Btu
MI,2009,16.8,Dollars per million Btu
MI,2008,19.53,Dollars per million Btu
MI,2007,17.57,Dollars per million Btu
MI,2006,16.66,Dollars per million Btu
MI,2005,14.53,Dollars per million Btu
MI,2004,12.14,Dollars per million Btu
MI,2003,10.78,Dollars per million Btu
MI,2002,9.95,Dollars per million Btu
MI,2001,9.94,Dollars per million Btu
MI,2000,9.74,Dollars per million Btu
MI,1999,8.43,Dollars per million Btu
MI,1998,8.32,Dollars per million Btu
MI,1997,8.48,Dollars per million Btu
MI,1996,8.4,Dollars per million Btu
MI,1995,7.96,Dollars per million Btu
MI,1994,8.08,Dollars per million Btu
MI,1993,8.07,Dollars per million Btu
MI,1992,7.97,Dollars per million Btu
MI,1991,8.15,Dollars per million Btu
MI,1990,8.08,Dollars per million Btu
MI,1989,7.72,Dollars per million Btu
MI,1988,7.48,Dollars per million Btu
MI,1987,7.63,Dollars per million Btu
MI,1986,7.52,Dollars per million Btu
MI,1985,8.46,Dollars per million Btu
MI,1984,8.22,Dollars per million Btu
MI,1983,8.15,Dollars per million Btu
MI,1982,7.92,Dollars per million Btu
MI,1981,7.55,Dollars per million Btu
MI,1980,6.57,Dollars per million Btu
MI,1979,5.28,Dollars per million Btu
MI,1978,4.4,Dollars per million Btu
MI,1977,4.17,Dollars per million Btu
MI,1976,3.65,Dollars per million Btu
MI,1975,3.34,Dollars per million Btu
MI,1974,2.9,Dollars per million Btu
MI,1973,2.07,Dollars per million Btu
MI,1972,1.83,Dollars per million Btu
MI,1971,1.78,Dollars per million Btu
MI,1970,1.71,Dollars per million Btu
MN,2017,16.32,Dollars per million Btu
MN,2016,14.9,Dollars per million Btu
MN,2015,16.15,Dollars per million Btu
MN,2014,19.55,Dollars per million Btu
MN,2013,19.66,Dollars per million Btu
MN,2012,20.02,Dollars per million Btu
MN,2011,19.81,Dollars per million Btu
MN,2010,17,Dollars per million Btu
MN,2009,15.3,Dollars per million Btu
MN,2008,19.06,Dollars per million Btu
MN,2007,17.12,Dollars per million Btu
MN,2006,16.08,Dollars per million Btu
MN,2005,14.45,Dollars per million Btu
MN,2004,12.14,Dollars per million Btu
MN,2003,10.81,Dollars per million Btu
MN,2002,9.56,Dollars per million Btu
MN,2001,10.42,Dollars per million Btu
MN,2000,9.88,Dollars per million Btu
MN,1999,8.2,Dollars per million Btu
MN,1998,7.9,Dollars per million Btu
MN,1997,8.46,Dollars per million Btu
MN,1996,8.26,Dollars per million Btu
MN,1995,7.75,Dollars per million Btu
MN,1994,7.97,Dollars per million Btu
MN,1993,7.96,Dollars per million Btu
MN,1992,7.83,Dollars per million Btu
MN,1991,7.9,Dollars per million Btu
MN,1990,8.06,Dollars per million Btu
MN,1989,7.51,Dollars per million Btu
MN,1988,7.36,Dollars per million Btu
MN,1987,7.28,Dollars per million Btu
MN,1986,7.28,Dollars per million Btu
MN,1985,8.39,Dollars per million Btu
MN,1984,8.41,Dollars per million Btu
MN,1983,8.51,Dollars per million Btu
MN,1982,8.46,Dollars per million Btu
MN,1981,8.08,Dollars per million Btu
MN,1980,6.9,Dollars per million Btu
MN,1979,5.07,Dollars per million Btu
MN,1978,4.02,Dollars per million Btu
MN,1977,3.88,Dollars per million Btu
MN,1976,3.45,Dollars per million Btu
MN,1975,3.18,Dollars per million Btu
MN,1974,2.83,Dollars per million Btu
MN,1973,2.12,Dollars per million Btu
MN,1972,1.97,Dollars per million Btu
MN,1971,1.92,Dollars per million Btu
MN,1970,1.87,Dollars per million Btu
MS,2017,16.08,Dollars per million Btu
MS,2016,14.72,Dollars per million Btu
MS,2015,16.55,Dollars per million Btu
MS,2014,20.79,Dollars per million Btu
MS,2013,21.2,Dollars per million Btu
MS,2012,20.66,Dollars per million Btu
MS,2011,20.8,Dollars per million Btu
MS,2010,17.88,Dollars per million Btu
MS,2009,16.83,Dollars per million Btu
MS,2008,21.34,Dollars per million Btu
MS,2007,17.35,Dollars per million Btu
MS,2006,16.98,Dollars per million Btu
MS,2005,15.37,Dollars per million Btu
MS,2004,12.56,Dollars per million Btu
MS,2003,11.01,Dollars per million Btu
MS,2002,9.91,Dollars per million Btu
MS,2001,10.37,Dollars per million Btu
MS,2000,9.77,Dollars per million Btu
MS,1999,7.89,Dollars per million Btu
MS,1998,8,Dollars per million Btu
MS,1997,8.26,Dollars per million Btu
MS,1996,8.36,Dollars per million Btu
MS,1995,7.67,Dollars per million Btu
MS,1994,7.74,Dollars per million Btu
MS,1993,7.63,Dollars per million Btu
MS,1992,7.37,Dollars per million Btu
MS,1991,7.5,Dollars per million Btu
MS,1990,7.85,Dollars per million Btu
MS,1989,7.38,Dollars per million Btu
MS,1988,7.37,Dollars per million Btu
MS,1987,7.42,Dollars per million Btu
MS,1986,7.26,Dollars per million Btu
MS,1985,8.14,Dollars per million Btu
MS,1984,7.85,Dollars per million Btu
MS,1983,8.14,Dollars per million Btu
MS,1982,8.84,Dollars per million Btu
MS,1981,8.71,Dollars per million Btu
MS,1980,7.26,Dollars per million Btu
MS,1979,5.43,Dollars per million Btu
MS,1978,4.42,Dollars per million Btu
MS,1977,4.22,Dollars per million Btu
MS,1976,3.7,Dollars per million Btu
MS,1975,3.18,Dollars per million Btu
MS,1974,2.85,Dollars per million Btu
MS,1973,2.08,Dollars per million Btu
MS,1972,1.91,Dollars per million Btu
MS,1971,1.8,Dollars per million Btu
MS,1970,1.71,Dollars per million Btu
MO,2017,18.77,Dollars per million Btu
MO,2016,17.29,Dollars per million Btu
MO,2015,18.32,Dollars per million Btu
MO,2014,21.72,Dollars per million Btu
MO,2013,22.31,Dollars per million Btu
MO,2012,22.6,Dollars per million Btu
MO,2011,22.26,Dollars per million Btu
MO,2010,18.75,Dollars per million Btu
MO,2009,16.69,Dollars per million Btu
MO,2008,20.36,Dollars per million Btu
MO,2007,17.8,Dollars per million Btu
MO,2006,16.67,Dollars per million Btu
MO,2005,15.12,Dollars per million Btu
MO,2004,12.71,Dollars per million Btu
MO,2003,11.36,Dollars per million Btu
MO,2002,10.36,Dollars per million Btu
MO,2001,11.04,Dollars per million Btu
MO,2000,11.01,Dollars per million Btu
MO,1999,8.88,Dollars per million Btu
MO,1998,8.61,Dollars per million Btu
MO,1997,9.28,Dollars per million Btu
MO,1996,9.15,Dollars per million Btu
MO,1995,8.55,Dollars per million Btu
MO,1994,8.54,Dollars per million Btu
MO,1993,8.54,Dollars per million Btu
MO,1992,8.56,Dollars per million Btu
MO,1991,8.79,Dollars per million Btu
MO,1990,8.95,Dollars per million Btu
MO,1989,8.13,Dollars per million Btu
MO,1988,7.72,Dollars per million Btu
MO,1987,7.76,Dollars per million Btu
MO,1986,7.42,Dollars per million Btu
MO,1985,8.31,Dollars per million Btu
MO,1984,8.28,Dollars per million Btu
MO,1983,8.59,Dollars per million Btu
MO,1982,8.51,Dollars per million Btu
MO,1981,8.14,Dollars per million Btu
MO,1980,7.19,Dollars per million Btu
MO,1979,5.48,Dollars per million Btu
MO,1978,4.3,Dollars per million Btu
MO,1977,4.04,Dollars per million Btu
MO,1976,3.61,Dollars per million Btu
MO,1975,3.32,Dollars per million Btu
MO,1974,2.91,Dollars per million Btu
MO,1973,2.23,Dollars per million Btu
MO,1972,2.02,Dollars per million Btu
MO,1971,1.97,Dollars per million Btu
MO,1970,1.85,Dollars per million Btu
MT,2017,17.2,Dollars per million Btu
MT,2016,16,Dollars per million Btu
MT,2015,17.64,Dollars per million Btu
MT,2014,21.86,Dollars per million Btu
MT,2013,22.06,Dollars per million Btu
MT,2012,21.99,Dollars per million Btu
MT,2011,21.78,Dollars per million Btu
MT,2010,18.25,Dollars per million Btu
MT,2009,16.14,Dollars per million Btu
MT,2008,20.47,Dollars per million Btu
MT,2007,17.28,Dollars per million Btu
MT,2006,16.38,Dollars per million Btu
MT,2005,14.89,Dollars per million Btu
MT,2004,12.37,Dollars per million Btu
MT,2003,10.79,Dollars per million Btu
MT,2002,9.28,Dollars per million Btu
MT,2001,10.66,Dollars per million Btu
MT,2000,9.8,Dollars per million Btu
MT,1999,7.86,Dollars per million Btu
MT,1998,7.96,Dollars per million Btu
MT,1997,8.42,Dollars per million Btu
MT,1996,8.38,Dollars per million Btu
MT,1995,7.84,Dollars per million Btu
MT,1994,7.93,Dollars per million Btu
MT,1993,7.73,Dollars per million Btu
MT,1992,7.75,Dollars per million Btu
MT,1991,7.47,Dollars per million Btu
MT,1990,7.72,Dollars per million Btu
MT,1989,7.17,Dollars per million Btu
MT,1988,6.9,Dollars per million Btu
MT,1987,6.8,Dollars per million Btu
MT,1986,6.57,Dollars per million Btu
MT,1985,7.39,Dollars per million Btu
MT,1984,7.47,Dollars per million Btu
MT,1983,7.21,Dollars per million Btu
MT,1982,7.42,Dollars per million Btu
MT,1981,7.13,Dollars per million Btu
MT,1980,6.03,Dollars per million Btu
MT,1979,4.33,Dollars per million Btu
MT,1978,3.54,Dollars per million Btu
MT,1977,3.22,Dollars per million Btu
MT,1976,2.89,Dollars per million Btu
MT,1975,2.78,Dollars per million Btu
MT,1974,2.47,Dollars per million Btu
MT,1973,1.83,Dollars per million Btu
MT,1972,1.62,Dollars per million Btu
MT,1971,1.59,Dollars per million Btu
MT,1970,1.56,Dollars per million Btu
NE,2017,15.46,Dollars per million Btu
NE,2016,14.24,Dollars per million Btu
NE,2015,15.5,Dollars per million Btu
NE,2014,19.22,Dollars per million Btu
NE,2013,19.3,Dollars per million Btu
NE,2012,19.82,Dollars per million Btu
NE,2011,19.27,Dollars per million Btu
NE,2010,16.7,Dollars per million Btu
NE,2009,14.81,Dollars per million Btu
NE,2008,18.65,Dollars per million Btu
NE,2007,16.73,Dollars per million Btu
NE,2006,15.94,Dollars per million Btu
NE,2005,14.69,Dollars per million Btu
NE,2004,12.21,Dollars per million Btu
NE,2003,10.8,Dollars per million Btu
NE,2002,9.63,Dollars per million Btu
NE,2001,10.36,Dollars per million Btu
NE,2000,10.07,Dollars per million Btu
NE,1999,8.04,Dollars per million Btu
NE,1998,7.68,Dollars per million Btu
NE,1997,8.52,Dollars per million Btu
NE,1996,8.47,Dollars per million Btu
NE,1995,7.98,Dollars per million Btu
NE,1994,8.05,Dollars per million Btu
NE,1993,8.06,Dollars per million Btu
NE,1992,8.17,Dollars per million Btu
NE,1991,8.18,Dollars per million Btu
NE,1990,8.41,Dollars per million Btu
NE,1989,7.63,Dollars per million Btu
NE,1988,6.96,Dollars per million Btu
NE,1987,7.19,Dollars per million Btu
NE,1986,7.17,Dollars per million Btu
NE,1985,8.02,Dollars per million Btu
NE,1984,7.89,Dollars per million Btu
NE,1983,7.97,Dollars per million Btu
NE,1982,7.62,Dollars per million Btu
NE,1981,7.71,Dollars per million Btu
NE,1980,6.52,Dollars per million Btu
NE,1979,4.78,Dollars per million Btu
NE,1978,3.85,Dollars per million Btu
NE,1977,3.54,Dollars per million Btu
NE,1976,3.2,Dollars per million Btu
NE,1975,2.9,Dollars per million Btu
NE,1974,2.57,Dollars per million Btu
NE,1973,2.02,Dollars per million Btu
NE,1972,1.84,Dollars per million Btu
NE,1971,1.8,Dollars per million Btu
NE,1970,1.72,Dollars per million Btu
NV,2017,18.54,Dollars per million Btu
NV,2016,17.29,Dollars per million Btu
NV,2015,20.14,Dollars per million Btu
NV,2014,23.43,Dollars per million Btu
NV,2013,22.87,Dollars per million Btu
NV,2012,23.78,Dollars per million Btu
NV,2011,23.42,Dollars per million Btu
NV,2010,21.38,Dollars per million Btu
NV,2009,20.01,Dollars per million Btu
NV,2008,23.67,Dollars per million Btu
NV,2007,21.28,Dollars per million Btu
NV,2006,20.05,Dollars per million Btu
NV,2005,18.01,Dollars per million Btu
NV,2004,15.68,Dollars per million Btu
NV,2003,13.88,Dollars per million Btu
NV,2002,13.05,Dollars per million Btu
NV,2001,12.97,Dollars per million Btu
NV,2000,11.76,Dollars per million Btu
NV,1999,10.07,Dollars per million Btu
NV,1998,9.24,Dollars per million Btu
NV,1997,9.89,Dollars per million Btu
NV,1996,9.83,Dollars per million Btu
NV,1995,9.22,Dollars per million Btu
NV,1994,9.58,Dollars per million Btu
NV,1993,9.04,Dollars per million Btu
NV,1992,8.99,Dollars per million Btu
NV,1991,8.75,Dollars per million Btu
NV,1990,8.97,Dollars per million Btu
NV,1989,8.18,Dollars per million Btu
NV,1988,7.73,Dollars per million Btu
NV,1987,7.41,Dollars per million Btu
NV,1986,7.77,Dollars per million Btu
NV,1985,8.93,Dollars per million Btu
NV,1984,8.71,Dollars per million Btu
NV,1983,8.95,Dollars per million Btu
NV,1982,9.52,Dollars per million Btu
NV,1981,9.3,Dollars per million Btu
NV,1980,8.17,Dollars per million Btu
NV,1979,5.82,Dollars per million Btu
NV,1978,4.61,Dollars per million Btu
NV,1977,4.28,Dollars per million Btu
NV,1976,3.72,Dollars per million Btu
NV,1975,3.52,Dollars per million Btu
NV,1974,3.05,Dollars per million Btu
NV,1973,2.25,Dollars per million Btu
NV,1972,2.06,Dollars per million Btu
NV,1971,1.96,Dollars per million Btu
NV,1970,1.95,Dollars per million Btu
NH,2017,22.28,Dollars per million Btu
NH,2016,21.03,Dollars per million Btu
NH,2015,22.63,Dollars per million Btu
NH,2014,27.85,Dollars per million Btu
NH,2013,27.73,Dollars per million Btu
NH,2012,28.43,Dollars per million Btu
NH,2011,27.76,Dollars per million Btu
NH,2010,24.23,Dollars per million Btu
NH,2009,22.09,Dollars per million Btu
NH,2008,26.66,Dollars per million Btu
NH,2007,23.25,Dollars per million Btu
NH,2006,21.84,Dollars per million Btu
NH,2005,18.46,Dollars per million Btu
NH,2004,15.58,Dollars per million Btu
NH,2003,14.15,Dollars per million Btu
NH,2002,12.81,Dollars per million Btu
NH,2001,13.62,Dollars per million Btu
NH,2000,13.68,Dollars per million Btu
NH,1999,11.89,Dollars per million Btu
NH,1998,11.46,Dollars per million Btu
NH,1997,12.09,Dollars per million Btu
NH,1996,11.93,Dollars per million Btu
NH,1995,11.76,Dollars per million Btu
NH,1994,11.46,Dollars per million Btu
NH,1993,11.07,Dollars per million Btu
NH,1992,10.81,Dollars per million Btu
NH,1991,10.76,Dollars per million Btu
NH,1990,10.82,Dollars per million Btu
NH,1989,9.9,Dollars per million Btu
NH,1988,9.24,Dollars per million Btu
NH,1987,8.74,Dollars per million Btu
NH,1986,8.55,Dollars per million Btu
NH,1985,10.31,Dollars per million Btu
NH,1984,10.14,Dollars per million Btu
NH,1983,10.54,Dollars per million Btu
NH,1982,10.71,Dollars per million Btu
NH,1981,11.36,Dollars per million Btu
NH,1980,9.28,Dollars per million Btu
NH,1979,7,Dollars per million Btu
NH,1978,5.32,Dollars per million Btu
NH,1977,4.82,Dollars per million Btu
NH,1976,4.4,Dollars per million Btu
NH,1975,4.32,Dollars per million Btu
NH,1974,3.84,Dollars per million Btu
NH,1973,2.57,Dollars per million Btu
NH,1972,2.29,Dollars per million Btu
NH,1971,2.26,Dollars per million Btu
NH,1970,2.18,Dollars per million Btu
NJ,2017,18.96,Dollars per million Btu
NJ,2016,17.25,Dollars per million Btu
NJ,2015,18.49,Dollars per million Btu
NJ,2014,22.95,Dollars per million Btu
NJ,2013,23.74,Dollars per million Btu
NJ,2012,24.34,Dollars per million Btu
NJ,2011,24.19,Dollars per million Btu
NJ,2010,21.28,Dollars per million Btu
NJ,2009,19.12,Dollars per million Btu
NJ,2008,23.61,Dollars per million Btu
NJ,2007,19.67,Dollars per million Btu
NJ,2006,19.02,Dollars per million Btu
NJ,2005,16.31,Dollars per million Btu
NJ,2004,14.31,Dollars per million Btu
NJ,2003,12.17,Dollars per million Btu
NJ,2002,10.59,Dollars per million Btu
NJ,2001,11.13,Dollars per million Btu
NJ,2000,11.13,Dollars per million Btu
NJ,1999,9.18,Dollars per million Btu
NJ,1998,8.89,Dollars per million Btu
NJ,1997,9.82,Dollars per million Btu
NJ,1996,9.86,Dollars per million Btu
NJ,1995,9.25,Dollars per million Btu
NJ,1994,9.08,Dollars per million Btu
NJ,1993,9.04,Dollars per million Btu
NJ,1992,8.94,Dollars per million Btu
NJ,1991,9.35,Dollars per million Btu
NJ,1990,9.43,Dollars per million Btu
NJ,1989,8.67,Dollars per million Btu
NJ,1988,8.17,Dollars per million Btu
NJ,1987,8.04,Dollars per million Btu
NJ,1986,8.26,Dollars per million Btu
NJ,1985,9.62,Dollars per million Btu
NJ,1984,9.31,Dollars per million Btu
NJ,1983,9.43,Dollars per million Btu
NJ,1982,9.67,Dollars per million Btu
NJ,1981,9.68,Dollars per million Btu
NJ,1980,8.4,Dollars per million Btu
NJ,1979,6.4,Dollars per million Btu
NJ,1978,5.18,Dollars per million Btu
NJ,1977,4.95,Dollars per million Btu
NJ,1976,4.41,Dollars per million Btu
NJ,1975,4.35,Dollars per million Btu
NJ,1974,3.87,Dollars per million Btu
NJ,1973,2.5,Dollars per million Btu
NJ,1972,2.27,Dollars per million Btu
NJ,1971,2.21,Dollars per million Btu
NJ,1970,1.99,Dollars per million Btu
NM,2017,18.86,Dollars per million Btu
NM,2016,16.87,Dollars per million Btu
NM,2015,18.69,Dollars per million Btu
NM,2014,23.71,Dollars per million Btu
NM,2013,23.64,Dollars per million Btu
NM,2012,24.19,Dollars per million Btu
NM,2011,23.82,Dollars per million Btu
NM,2010,20.11,Dollars per million Btu
NM,2009,17.86,Dollars per million Btu
NM,2008,22.56,Dollars per million Btu
NM,2007,19.16,Dollars per million Btu
NM,2006,18.35,Dollars per million Btu
NM,2005,16.54,Dollars per million Btu
NM,2004,13.56,Dollars per million Btu
NM,2003,11.93,Dollars per million Btu
NM,2002,10.61,Dollars per million Btu
NM,2001,11.39,Dollars per million Btu
NM,2000,10.98,Dollars per million Btu
NM,1999,9.18,Dollars per million Btu
NM,1998,9.05,Dollars per million Btu
NM,1997,9.81,Dollars per million Btu
NM,1996,9.68,Dollars per million Btu
NM,1995,9.1,Dollars per million Btu
NM,1994,9.37,Dollars per million Btu
NM,1993,9.17,Dollars per million Btu
NM,1992,8.75,Dollars per million Btu
NM,1991,8.9,Dollars per million Btu
NM,1990,9.36,Dollars per million Btu
NM,1989,8.57,Dollars per million Btu
NM,1988,7.95,Dollars per million Btu
NM,1987,8.19,Dollars per million Btu
NM,1986,8.17,Dollars per million Btu
NM,1985,9.32,Dollars per million Btu
NM,1984,8.63,Dollars per million Btu
NM,1983,8.29,Dollars per million Btu
NM,1982,9.01,Dollars per million Btu
NM,1981,8.48,Dollars per million Btu
NM,1980,7.11,Dollars per million Btu
NM,1979,5.51,Dollars per million Btu
NM,1978,4.18,Dollars per million Btu
NM,1977,3.75,Dollars per million Btu
NM,1976,2.95,Dollars per million Btu
NM,1975,2.88,Dollars per million Btu
NM,1974,2.53,Dollars per million Btu
NM,1973,1.89,Dollars per million Btu
NM,1972,1.59,Dollars per million Btu
NM,1971,1.53,Dollars per million Btu
NM,1970,1.46,Dollars per million Btu
NY,2017,19.78,Dollars per million Btu
NY,2016,18.36,Dollars per million Btu
NY,2015,20.08,Dollars per million Btu
NY,2014,24.61,Dollars per million Btu
NY,2013,24.81,Dollars per million Btu
NY,2012,25.47,Dollars per million Btu
NY,2011,25.44,Dollars per million Btu
NY,2010,23.12,Dollars per million Btu
NY,2009,20.74,Dollars per million Btu
NY,2008,25.29,Dollars per million Btu
NY,2007,21.98,Dollars per million Btu
NY,2006,21.14,Dollars per million Btu
NY,2005,19.01,Dollars per million Btu
NY,2004,15.67,Dollars per million Btu
NY,2003,14.44,Dollars per million Btu
NY,2002,12.7,Dollars per million Btu
NY,2001,13.71,Dollars per million Btu
NY,2000,13.19,Dollars per million Btu
NY,1999,10.88,Dollars per million Btu
NY,1998,10.74,Dollars per million Btu
NY,1997,11.49,Dollars per million Btu
NY,1996,11.48,Dollars per million Btu
NY,1995,11.21,Dollars per million Btu
NY,1994,11.25,Dollars per million Btu
NY,1993,10.96,Dollars per million Btu
NY,1992,10.7,Dollars per million Btu
NY,1991,10.75,Dollars per million Btu
NY,1990,10.5,Dollars per million Btu
NY,1989,9.59,Dollars per million Btu
NY,1988,8.86,Dollars per million Btu
NY,1987,8.89,Dollars per million Btu
NY,1986,8.98,Dollars per million Btu
NY,1985,10.25,Dollars per million Btu
NY,1984,10.31,Dollars per million Btu
NY,1983,10.65,Dollars per million Btu
NY,1982,10.11,Dollars per million Btu
NY,1981,9.83,Dollars per million Btu
NY,1980,8.03,Dollars per million Btu
NY,1979,6.2,Dollars per million Btu
NY,1978,4.89,Dollars per million Btu
NY,1977,4.66,Dollars per million Btu
NY,1976,4.2,Dollars per million Btu
NY,1975,4.11,Dollars per million Btu
NY,1974,3.61,Dollars per million Btu
NY,1973,2.41,Dollars per million Btu
NY,1972,2.18,Dollars per million Btu
NY,1971,2.03,Dollars per million Btu
NY,1970,1.81,Dollars per million Btu
NC,2017,19,Dollars per million Btu
NC,2016,17.95,Dollars per million Btu
NC,2015,19.25,Dollars per million Btu
NC,2014,23.15,Dollars per million Btu
NC,2013,23.38,Dollars per million Btu
NC,2012,23.75,Dollars per million Btu
NC,2011,23.32,Dollars per million Btu
NC,2010,20.31,Dollars per million Btu
NC,2009,18.53,Dollars per million Btu
NC,2008,22.11,Dollars per million Btu
NC,2007,19.41,Dollars per million Btu
NC,2006,18.16,Dollars per million Btu
NC,2005,16.51,Dollars per million Btu
NC,2004,13.92,Dollars per million Btu
NC,2003,12.29,Dollars per million Btu
NC,2002,11.37,Dollars per million Btu
NC,2001,11.67,Dollars per million Btu
NC,2000,11.51,Dollars per million Btu
NC,1999,9.8,Dollars per million Btu
NC,1998,9.46,Dollars per million Btu
NC,1997,10.04,Dollars per million Btu
NC,1996,9.92,Dollars per million Btu
NC,1995,9.47,Dollars per million Btu
NC,1994,9.59,Dollars per million Btu
NC,1993,9.59,Dollars per million Btu
NC,1992,9.51,Dollars per million Btu
NC,1991,9.81,Dollars per million Btu
NC,1990,9.66,Dollars per million Btu
NC,1989,8.87,Dollars per million Btu
NC,1988,8.43,Dollars per million Btu
NC,1987,8.55,Dollars per million Btu
NC,1986,8.3,Dollars per million Btu
NC,1985,9.35,Dollars per million Btu
NC,1984,9.2,Dollars per million Btu
NC,1983,9.14,Dollars per million Btu
NC,1982,9.55,Dollars per million Btu
NC,1981,9.25,Dollars per million Btu
NC,1980,7.92,Dollars per million Btu
NC,1979,5.99,Dollars per million Btu
NC,1978,5.09,Dollars per million Btu
NC,1977,4.77,Dollars per million Btu
NC,1976,4.37,Dollars per million Btu
NC,1975,4.08,Dollars per million Btu
NC,1974,3.49,Dollars per million Btu
NC,1973,2.45,Dollars per million Btu
NC,1972,2.23,Dollars per million Btu
NC,1971,2.15,Dollars per million Btu
NC,1970,2.01,Dollars per million Btu
ND,2017,13.36,Dollars per million Btu
ND,2016,12.29,Dollars per million Btu
ND,2015,13.62,Dollars per million Btu
ND,2014,18.26,Dollars per million Btu
ND,2013,18.2,Dollars per million Btu
ND,2012,17.89,Dollars per million Btu
ND,2011,17.03,Dollars per million Btu
ND,2010,13.16,Dollars per million Btu
ND,2009,11.23,Dollars per million Btu
ND,2008,14.99,Dollars per million Btu
ND,2007,12.75,Dollars per million Btu
ND,2006,11.36,Dollars per million Btu
ND,2005,10.5,Dollars per million Btu
ND,2004,8.77,Dollars per million Btu
ND,2003,7.39,Dollars per million Btu
ND,2002,6.69,Dollars per million Btu
ND,2001,7.28,Dollars per million Btu
ND,2000,7.05,Dollars per million Btu
ND,1999,5.78,Dollars per million Btu
ND,1998,5.43,Dollars per million Btu
ND,1997,5.87,Dollars per million Btu
ND,1996,6.05,Dollars per million Btu
ND,1995,5.5,Dollars per million Btu
ND,1994,5.55,Dollars per million Btu
ND,1993,5.64,Dollars per million Btu
ND,1992,5.49,Dollars per million Btu
ND,1991,5.84,Dollars per million Btu
ND,1990,5.85,Dollars per million Btu
ND,1989,5.33,Dollars per million Btu
ND,1988,5.25,Dollars per million Btu
ND,1987,5.08,Dollars per million Btu
ND,1986,5.12,Dollars per million Btu
ND,1985,6.25,Dollars per million Btu
ND,1984,7.45,Dollars per million Btu
ND,1983,8.25,Dollars per million Btu
ND,1982,8.35,Dollars per million Btu
ND,1981,8.49,Dollars per million Btu
ND,1980,7.33,Dollars per million Btu
ND,1979,5.45,Dollars per million Btu
ND,1978,4.36,Dollars per million Btu
ND,1977,4.22,Dollars per million Btu
ND,1976,3.86,Dollars per million Btu
ND,1975,3.49,Dollars per million Btu
ND,1974,3.12,Dollars per million Btu
ND,1973,2.4,Dollars per million Btu
ND,1972,2.02,Dollars per million Btu
ND,1971,2.08,Dollars per million Btu
ND,1970,1.98,Dollars per million Btu
OH,2017,16.67,Dollars per million Btu
OH,2016,15.53,Dollars per million Btu
OH,2015,16.5,Dollars per million Btu
OH,2014,19.78,Dollars per million Btu
OH,2013,19.92,Dollars per million Btu
OH,2012,20.53,Dollars per million Btu
OH,2011,20.47,Dollars per million Btu
OH,2010,18.08,Dollars per million Btu
OH,2009,16.99,Dollars per million Btu
OH,2008,20.36,Dollars per million Btu
OH,2007,17.77,Dollars per million Btu
OH,2006,17.14,Dollars per million Btu
OH,2005,15.39,Dollars per million Btu
OH,2004,12.84,Dollars per million Btu
OH,2003,11.49,Dollars per million Btu
OH,2002,10.37,Dollars per million Btu
OH,2001,10.9,Dollars per million Btu
OH,2000,10.42,Dollars per million Btu
OH,1999,8.99,Dollars per million Btu
OH,1998,8.79,Dollars per million Btu
OH,1997,9.09,Dollars per million Btu
OH,1996,8.87,Dollars per million Btu
OH,1995,8.55,Dollars per million Btu
OH,1994,8.59,Dollars per million Btu
OH,1993,8.59,Dollars per million Btu
OH,1992,8.25,Dollars per million Btu
OH,1991,8.42,Dollars per million Btu
OH,1990,8.27,Dollars per million Btu
OH,1989,7.65,Dollars per million Btu
OH,1988,7.26,Dollars per million Btu
OH,1987,7.37,Dollars per million Btu
OH,1986,7.36,Dollars per million Btu
OH,1985,8.25,Dollars per million Btu
OH,1984,8.06,Dollars per million Btu
OH,1983,8.23,Dollars per million Btu
OH,1982,7.8,Dollars per million Btu
OH,1981,7.1,Dollars per million Btu
OH,1980,6.23,Dollars per million Btu
OH,1979,4.86,Dollars per million Btu
OH,1978,3.96,Dollars per million Btu
OH,1977,3.72,Dollars per million Btu
OH,1976,3.2,Dollars per million Btu
OH,1975,3.06,Dollars per million Btu
OH,1974,2.59,Dollars per million Btu
OH,1973,1.84,Dollars per million Btu
OH,1972,1.71,Dollars per million Btu
OH,1971,1.65,Dollars per million Btu
OH,1970,1.5,Dollars per million Btu
OK,2017,15.37,Dollars per million Btu
OK,2016,13.99,Dollars per million Btu
OK,2015,16.02,Dollars per million Btu
OK,2014,19.93,Dollars per million Btu
OK,2013,19.75,Dollars per million Btu
OK,2012,20.19,Dollars per million Btu
OK,2011,19.76,Dollars per million Btu
OK,2010,17.13,Dollars per million Btu
OK,2009,15.92,Dollars per million Btu
OK,2008,20.39,Dollars per million Btu
OK,2007,17.07,Dollars per million Btu
OK,2006,16.46,Dollars per million Btu
OK,2005,14.83,Dollars per million Btu
OK,2004,12.33,Dollars per million Btu
OK,2003,10.89,Dollars per million Btu
OK,2002,9.51,Dollars per million Btu
OK,2001,10.46,Dollars per million Btu
OK,2000,9.97,Dollars per million Btu
OK,1999,7.89,Dollars per million Btu
OK,1998,7.5,Dollars per million Btu
OK,1997,8.06,Dollars per million Btu
OK,1996,7.84,Dollars per million Btu
OK,1995,7.18,Dollars per million Btu
OK,1994,7.22,Dollars per million Btu
OK,1993,7.27,Dollars per million Btu
OK,1992,7.16,Dollars per million Btu
OK,1991,7.26,Dollars per million Btu
OK,1990,7.38,Dollars per million Btu
OK,1989,6.65,Dollars per million Btu
OK,1988,6.53,Dollars per million Btu
OK,1987,6.68,Dollars per million Btu
OK,1986,7,Dollars per million Btu
OK,1985,7.75,Dollars per million Btu
OK,1984,7.49,Dollars per million Btu
OK,1983,7.61,Dollars per million Btu
OK,1982,7.66,Dollars per million Btu
OK,1981,7.32,Dollars per million Btu
OK,1980,6.49,Dollars per million Btu
OK,1979,4.92,Dollars per million Btu
OK,1978,4.02,Dollars per million Btu
OK,1977,3.71,Dollars per million Btu
OK,1976,3.28,Dollars per million Btu
OK,1975,3.08,Dollars per million Btu
OK,1974,2.71,Dollars per million Btu
OK,1973,2.15,Dollars per million Btu
OK,1972,1.95,Dollars per million Btu
OK,1971,1.89,Dollars per million Btu
OK,1970,1.85,Dollars per million Btu
OR,2017,18.4,Dollars per million Btu
OR,2016,17.35,Dollars per million Btu
OR,2015,18.95,Dollars per million Btu
OR,2014,22.11,Dollars per million Btu
OR,2013,22.04,Dollars per million Btu
OR,2012,22.58,Dollars per million Btu
OR,2011,22.12,Dollars per million Btu
OR,2010,19.11,Dollars per million Btu
OR,2009,17.58,Dollars per million Btu
OR,2008,20.88,Dollars per million Btu
OR,2007,18.21,Dollars per million Btu
OR,2006,16.91,Dollars per million Btu
OR,2005,15.26,Dollars per million Btu
OR,2004,13.21,Dollars per million Btu
OR,2003,11.97,Dollars per million Btu
OR,2002,11.11,Dollars per million Btu
OR,2001,10.97,Dollars per million Btu
OR,2000,10.56,Dollars per million Btu
OR,1999,8.79,Dollars per million Btu
OR,1998,8.11,Dollars per million Btu
OR,1997,8.63,Dollars per million Btu
OR,1996,8.89,Dollars per million Btu
OR,1995,8.58,Dollars per million Btu
OR,1994,8.46,Dollars per million Btu
OR,1993,8.35,Dollars per million Btu
OR,1992,8.01,Dollars per million Btu
OR,1991,7.87,Dollars per million Btu
OR,1990,8.08,Dollars per million Btu
OR,1989,7.5,Dollars per million Btu
OR,1988,7.11,Dollars per million Btu
OR,1987,7.13,Dollars per million Btu
OR,1986,7.03,Dollars per million Btu
OR,1985,8.27,Dollars per million Btu
OR,1984,8.08,Dollars per million Btu
OR,1983,8.02,Dollars per million Btu
OR,1982,8.15,Dollars per million Btu
OR,1981,7.82,Dollars per million Btu
OR,1980,7.07,Dollars per million Btu
OR,1979,5.17,Dollars per million Btu
OR,1978,4.16,Dollars per million Btu
OR,1977,3.84,Dollars per million Btu
OR,1976,3.44,Dollars per million Btu
OR,1975,3.16,Dollars per million Btu
OR,1974,2.81,Dollars per million Btu
OR,1973,2.07,Dollars per million Btu
OR,1972,1.92,Dollars per million Btu
OR,1971,1.92,Dollars per million Btu
OR,1970,1.85,Dollars per million Btu
PA,2017,17.85,Dollars per million Btu
PA,2016,16.65,Dollars per million Btu
PA,2015,17.81,Dollars per million Btu
PA,2014,21.29,Dollars per million Btu
PA,2013,21.53,Dollars per million Btu
PA,2012,22.76,Dollars per million Btu
PA,2011,22.72,Dollars per million Btu
PA,2010,19.61,Dollars per million Btu
PA,2009,18.14,Dollars per million Btu
PA,2008,21.41,Dollars per million Btu
PA,2007,18.34,Dollars per million Btu
PA,2006,17.57,Dollars per million Btu
PA,2005,15.66,Dollars per million Btu
PA,2004,13.13,Dollars per million Btu
PA,2003,11.81,Dollars per million Btu
PA,2002,10.81,Dollars per million Btu
PA,2001,11.26,Dollars per million Btu
PA,2000,10.7,Dollars per million Btu
PA,1999,9.14,Dollars per million Btu
PA,1998,9.15,Dollars per million Btu
PA,1997,9.4,Dollars per million Btu
PA,1996,9.15,Dollars per million Btu
PA,1995,8.79,Dollars per million Btu
PA,1994,8.68,Dollars per million Btu
PA,1993,8.54,Dollars per million Btu
PA,1992,8.6,Dollars per million Btu
PA,1991,8.89,Dollars per million Btu
PA,1990,8.56,Dollars per million Btu
PA,1989,7.75,Dollars per million Btu
PA,1988,7.29,Dollars per million Btu
PA,1987,7.44,Dollars per million Btu
PA,1986,7.63,Dollars per million Btu
PA,1985,8.4,Dollars per million Btu
PA,1984,8.04,Dollars per million Btu
PA,1983,8.25,Dollars per million Btu
PA,1982,8.28,Dollars per million Btu
PA,1981,7.39,Dollars per million Btu
PA,1980,6.37,Dollars per million Btu
PA,1979,4.86,Dollars per million Btu
PA,1978,4.06,Dollars per million Btu
PA,1977,3.84,Dollars per million Btu
PA,1976,3.39,Dollars per million Btu
PA,1975,3.25,Dollars per million Btu
PA,1974,2.84,Dollars per million Btu
PA,1973,1.9,Dollars per million Btu
PA,1972,1.76,Dollars per million Btu
PA,1971,1.66,Dollars per million Btu
PA,1970,1.47,Dollars per million Btu
RI,2017,22.17,Dollars per million Btu
RI,2016,21.17,Dollars per million Btu
RI,2015,22.57,Dollars per million Btu
RI,2014,26.55,Dollars per million Btu
RI,2013,26.21,Dollars per million Btu
RI,2012,26.57,Dollars per million Btu
RI,2011,26.17,Dollars per million Btu
RI,2010,23.62,Dollars per million Btu
RI,2009,21.52,Dollars per million Btu
RI,2008,26.42,Dollars per million Btu
RI,2007,22.96,Dollars per million Btu
RI,2006,22.56,Dollars per million Btu
RI,2005,19.02,Dollars per million Btu
RI,2004,16.01,Dollars per million Btu
RI,2003,14.28,Dollars per million Btu
RI,2002,12.72,Dollars per million Btu
RI,2001,14.05,Dollars per million Btu
RI,2000,13.14,Dollars per million Btu
RI,1999,9.93,Dollars per million Btu
RI,1998,9.5,Dollars per million Btu
RI,1997,11.07,Dollars per million Btu
RI,1996,10.59,Dollars per million Btu
RI,1995,9.89,Dollars per million Btu
RI,1994,9.57,Dollars per million Btu
RI,1993,10.66,Dollars per million Btu
RI,1992,9.24,Dollars per million Btu
RI,1991,10.39,Dollars per million Btu
RI,1990,10.48,Dollars per million Btu
RI,1989,9.34,Dollars per million Btu
RI,1988,8.44,Dollars per million Btu
RI,1987,8.52,Dollars per million Btu
RI,1986,8.38,Dollars per million Btu
RI,1985,9.56,Dollars per million Btu
RI,1984,9.91,Dollars per million Btu
RI,1983,10.3,Dollars per million Btu
RI,1982,10.29,Dollars per million Btu
RI,1981,10.66,Dollars per million Btu
RI,1980,8.95,Dollars per million Btu
RI,1979,6.49,Dollars per million Btu
RI,1978,5.02,Dollars per million Btu
RI,1977,4.68,Dollars per million Btu
RI,1976,4.28,Dollars per million Btu
RI,1975,4.14,Dollars per million Btu
RI,1974,3.76,Dollars per million Btu
RI,1973,2.44,Dollars per million Btu
RI,1972,2.16,Dollars per million Btu
RI,1971,2.01,Dollars per million Btu
RI,1970,1.92,Dollars per million Btu
SC,2017,18.31,Dollars per million Btu
SC,2016,17.09,Dollars per million Btu
SC,2015,18.07,Dollars per million Btu
SC,2014,21.91,Dollars per million Btu
SC,2013,21.96,Dollars per million Btu
SC,2012,21.82,Dollars per million Btu
SC,2011,21.39,Dollars per million Btu
SC,2010,18.57,Dollars per million Btu
SC,2009,16.77,Dollars per million Btu
SC,2008,20.56,Dollars per million Btu
SC,2007,17.2,Dollars per million Btu
SC,2006,16.12,Dollars per million Btu
SC,2005,14.93,Dollars per million Btu
SC,2004,12.4,Dollars per million Btu
SC,2003,11.1,Dollars per million Btu
SC,2002,10.03,Dollars per million Btu
SC,2001,10.4,Dollars per million Btu
SC,2000,10.31,Dollars per million Btu
SC,1999,8.67,Dollars per million Btu
SC,1998,8.22,Dollars per million Btu
SC,1997,8.63,Dollars per million Btu
SC,1996,8.79,Dollars per million Btu
SC,1995,8.44,Dollars per million Btu
SC,1994,8.37,Dollars per million Btu
SC,1993,8.22,Dollars per million Btu
SC,1992,8.23,Dollars per million Btu
SC,1991,8.46,Dollars per million Btu
SC,1990,8.58,Dollars per million Btu
SC,1989,8.07,Dollars per million Btu
SC,1988,7.86,Dollars per million Btu
SC,1987,8.05,Dollars per million Btu
SC,1986,7.78,Dollars per million Btu
SC,1985,8.77,Dollars per million Btu
SC,1984,8.59,Dollars per million Btu
SC,1983,8.58,Dollars per million Btu
SC,1982,8.87,Dollars per million Btu
SC,1981,8.38,Dollars per million Btu
SC,1980,7.17,Dollars per million Btu
SC,1979,5.74,Dollars per million Btu
SC,1978,4.63,Dollars per million Btu
SC,1977,4.27,Dollars per million Btu
SC,1976,3.82,Dollars per million Btu
SC,1975,3.74,Dollars per million Btu
SC,1974,3.26,Dollars per million Btu
SC,1973,2.28,Dollars per million Btu
SC,1972,2.08,Dollars per million Btu
SC,1971,1.96,Dollars per million Btu
SC,1970,1.82,Dollars per million Btu
SD,2017,16.34,Dollars per million Btu
SD,2016,15.01,Dollars per million Btu
SD,2015,16.3,Dollars per million Btu
SD,2014,20.37,Dollars per million Btu
SD,2013,20.23,Dollars per million Btu
SD,2012,21.04,Dollars per million Btu
SD,2011,20.45,Dollars per million Btu
SD,2010,17.22,Dollars per million Btu
SD,2009,15.43,Dollars per million Btu
SD,2008,19.66,Dollars per million Btu
SD,2007,17.69,Dollars per million Btu
SD,2006,16.84,Dollars per million Btu
SD,2005,15.18,Dollars per million Btu
SD,2004,12.8,Dollars per million Btu
SD,2003,11.17,Dollars per million Btu
SD,2002,10.09,Dollars per million Btu
SD,2001,11.05,Dollars per million Btu
SD,2000,10.54,Dollars per million Btu
SD,1999,8.58,Dollars per million Btu
SD,1998,8.28,Dollars per million Btu
SD,1997,9.05,Dollars per million Btu
SD,1996,8.81,Dollars per million Btu
SD,1995,8.28,Dollars per million Btu
SD,1994,8.23,Dollars per million Btu
SD,1993,8.33,Dollars per million Btu
SD,1992,8.34,Dollars per million Btu
SD,1991,8.41,Dollars per million Btu
SD,1990,8.69,Dollars per million Btu
SD,1989,8.03,Dollars per million Btu
SD,1988,7.35,Dollars per million Btu
SD,1987,7.36,Dollars per million Btu
SD,1986,7.2,Dollars per million Btu
SD,1985,8.55,Dollars per million Btu
SD,1984,8.65,Dollars per million Btu
SD,1983,8.69,Dollars per million Btu
SD,1982,8.65,Dollars per million Btu
SD,1981,8.85,Dollars per million Btu
SD,1980,7.74,Dollars per million Btu
SD,1979,5.86,Dollars per million Btu
SD,1978,4.39,Dollars per million Btu
SD,1977,4.09,Dollars per million Btu
SD,1976,3.73,Dollars per million Btu
SD,1975,3.63,Dollars per million Btu
SD,1974,3.32,Dollars per million Btu
SD,1973,2.48,Dollars per million Btu
SD,1972,2.09,Dollars per million Btu
SD,1971,2.16,Dollars per million Btu
SD,1970,2.12,Dollars per million Btu
TN,2017,17.49,Dollars per million Btu
TN,2016,16.16,Dollars per million Btu
TN,2015,17.45,Dollars per million Btu
TN,2014,21.4,Dollars per million Btu
TN,2013,21.64,Dollars per million Btu
TN,2012,22.26,Dollars per million Btu
TN,2011,22.05,Dollars per million Btu
TN,2010,18.66,Dollars per million Btu
TN,2009,17.14,Dollars per million Btu
TN,2008,20.63,Dollars per million Btu
TN,2007,17.32,Dollars per million Btu
TN,2006,16.38,Dollars per million Btu
TN,2005,14.65,Dollars per million Btu
TN,2004,12.17,Dollars per million Btu
TN,2003,10.63,Dollars per million Btu
TN,2002,9.69,Dollars per million Btu
TN,2001,9.99,Dollars per million Btu
TN,2000,10,Dollars per million Btu
TN,1999,8.66,Dollars per million Btu
TN,1998,8.43,Dollars per million Btu
TN,1997,8.78,Dollars per million Btu
TN,1996,8.73,Dollars per million Btu
TN,1995,8.15,Dollars per million Btu
TN,1994,8.24,Dollars per million Btu
TN,1993,8.18,Dollars per million Btu
TN,1992,8.16,Dollars per million Btu
TN,1991,8.28,Dollars per million Btu
TN,1990,8.52,Dollars per million Btu
TN,1989,7.96,Dollars per million Btu
TN,1988,7.73,Dollars per million Btu
TN,1987,7.67,Dollars per million Btu
TN,1986,7.52,Dollars per million Btu
TN,1985,8.08,Dollars per million Btu
TN,1984,8.01,Dollars per million Btu
TN,1983,8.21,Dollars per million Btu
TN,1982,8.83,Dollars per million Btu
TN,1981,8.41,Dollars per million Btu
TN,1980,7.25,Dollars per million Btu
TN,1979,5.68,Dollars per million Btu
TN,1978,4.67,Dollars per million Btu
TN,1977,4.14,Dollars per million Btu
TN,1976,3.8,Dollars per million Btu
TN,1975,3.53,Dollars per million Btu
TN,1974,2.77,Dollars per million Btu
TN,1973,2.05,Dollars per million Btu
TN,1972,1.91,Dollars per million Btu
TN,1971,1.9,Dollars per million Btu
TN,1970,1.73,Dollars per million Btu
TX,2017,14.04,Dollars per million Btu
TX,2016,12.5,Dollars per million Btu
TX,2015,13.69,Dollars per million Btu
TX,2014,18.93,Dollars per million Btu
TX,2013,19.1,Dollars per million Btu
TX,2012,19.26,Dollars per million Btu
TX,2011,20.53,Dollars per million Btu
TX,2010,17.41,Dollars per million Btu
TX,2009,15.75,Dollars per million Btu
TX,2008,21.71,Dollars per million Btu
TX,2007,17.79,Dollars per million Btu
TX,2006,16.78,Dollars per million Btu
TX,2005,14.72,Dollars per million Btu
TX,2004,11.41,Dollars per million Btu
TX,2003,9.76,Dollars per million Btu
TX,2002,7.96,Dollars per million Btu
TX,2001,8.86,Dollars per million Btu
TX,2000,8.74,Dollars per million Btu
TX,1999,6.71,Dollars per million Btu
TX,1998,6.08,Dollars per million Btu
TX,1997,6.9,Dollars per million Btu
TX,1996,7.06,Dollars per million Btu
TX,1995,6.42,Dollars per million Btu
TX,1994,6.57,Dollars per million Btu
TX,1993,6.44,Dollars per million Btu
TX,1992,6.27,Dollars per million Btu
TX,1991,6.35,Dollars per million Btu
TX,1990,6.51,Dollars per million Btu
TX,1989,5.65,Dollars per million Btu
TX,1988,5.58,Dollars per million Btu
TX,1987,5.77,Dollars per million Btu
TX,1986,5.74,Dollars per million Btu
TX,1985,7.12,Dollars per million Btu
TX,1984,7.54,Dollars per million Btu
TX,1983,7.59,Dollars per million Btu
TX,1982,7.66,Dollars per million Btu
TX,1981,7.26,Dollars per million Btu
TX,1980,6.15,Dollars per million Btu
TX,1979,4.77,Dollars per million Btu
TX,1978,3.71,Dollars per million Btu
TX,1977,3.51,Dollars per million Btu
TX,1976,3.17,Dollars per million Btu
TX,1975,2.83,Dollars per million Btu
TX,1974,2.29,Dollars per million Btu
TX,1973,1.48,Dollars per million Btu
TX,1972,1.4,Dollars per million Btu
TX,1971,1.33,Dollars per million Btu
TX,1970,1.28,Dollars per million Btu
US,2017,17.3,Dollars per million Btu
US,2016,15.94,Dollars per million Btu
US,2015,17.3,Dollars per million Btu
US,2014,21.33,Dollars per million Btu
US,2013,21.42,Dollars per million Btu
US,2012,21.83,Dollars per million Btu
US,2011,21.86,Dollars per million Btu
US,2010,18.92,Dollars per million Btu
US,2009,17.26,Dollars per million Btu
US,2008,21.53,Dollars per million Btu
US,2007,18.34,Dollars per million Btu
US,2006,17.4,Dollars per million Btu
US,2005,15.57,Dollars per million Btu
US,2004,12.9,Dollars per million Btu
US,2003,11.44,Dollars per million Btu
US,2002,10.1,Dollars per million Btu
US,2001,10.78,Dollars per million Btu
US,2000,10.33,Dollars per million Btu
US,1999,8.58,Dollars per million Btu
US,1998,8.22,Dollars per million Btu
US,1997,8.83,Dollars per million Btu
US,1996,8.77,Dollars per million Btu
US,1995,8.31,Dollars per million Btu
US,1994,8.33,Dollars per million Btu
US,1993,8.29,Dollars per million Btu
US,1992,8.16,Dollars per million Btu
US,1991,8.25,Dollars per million Btu
US,1990,8.29,Dollars per million Btu
US,1989,7.59,Dollars per million Btu
US,1988,7.29,Dollars per million Btu
US,1987,7.36,Dollars per million Btu
US,1986,7.32,Dollars per million Btu
US,1985,8.38,Dollars per million Btu
US,1984,8.3,Dollars per million Btu
US,1983,8.4,Dollars per million Btu
US,1982,8.47,Dollars per million Btu
US,1981,8.04,Dollars per million Btu
US,1980,6.89,Dollars per million Btu
US,1979,5.22,Dollars per million Btu
US,1978,4.23,Dollars per million Btu
US,1977,3.98,Dollars per million Btu
US,1976,3.57,Dollars per million Btu
US,1975,3.33,Dollars per million Btu
US,1974,2.87,Dollars per million Btu
US,1973,2.02,Dollars per million Btu
US,1972,1.84,Dollars per million Btu
US,1971,1.76,Dollars per million Btu
US,1970,1.65,Dollars per million Btu
UT,2017,16.89,Dollars per million Btu
UT,2016,15.7,Dollars per million Btu
UT,2015,17.17,Dollars per million Btu
UT,2014,21,Dollars per million Btu
UT,2013,20.71,Dollars per million Btu
UT,2012,21.19,Dollars per million Btu
UT,2011,20.33,Dollars per million Btu
UT,2010,17.04,Dollars per million Btu
UT,2009,15.03,Dollars per million Btu
UT,2008,18.7,Dollars per million Btu
UT,2007,16.51,Dollars per million Btu
UT,2006,15.88,Dollars per million Btu
UT,2005,13.73,Dollars per million Btu
UT,2004,11.39,Dollars per million Btu
UT,2003,10.19,Dollars per million Btu
UT,2002,9.18,Dollars per million Btu
UT,2001,9.27,Dollars per million Btu
UT,2000,8.72,Dollars per million Btu
UT,1999,7.51,Dollars per million Btu
UT,1998,6.99,Dollars per million Btu
UT,1997,7.66,Dollars per million Btu
UT,1996,7.56,Dollars per million Btu
UT,1995,7.02,Dollars per million Btu
UT,1994,6.99,Dollars per million Btu
UT,1993,6.98,Dollars per million Btu
UT,1992,7.17,Dollars per million Btu
UT,1991,6.97,Dollars per million Btu
UT,1990,7.18,Dollars per million Btu
UT,1989,6.84,Dollars per million Btu
UT,1988,6.83,Dollars per million Btu
UT,1987,7.41,Dollars per million Btu
UT,1986,7,Dollars per million Btu
UT,1985,7.25,Dollars per million Btu
UT,1984,7.09,Dollars per million Btu
UT,1983,6.95,Dollars per million Btu
UT,1982,7.29,Dollars per million Btu
UT,1981,6.7,Dollars per million Btu
UT,1980,5.79,Dollars per million Btu
UT,1979,4.43,Dollars per million Btu
UT,1978,3.42,Dollars per million Btu
UT,1977,3.15,Dollars per million Btu
UT,1976,2.71,Dollars per million Btu
UT,1975,2.59,Dollars per million Btu
UT,1974,2.23,Dollars per million Btu
UT,1973,1.6,Dollars per million Btu
UT,1972,1.47,Dollars per million Btu
UT,1971,1.39,Dollars per million Btu
UT,1970,1.31,Dollars per million Btu
VT,2017,21.45,Dollars per million Btu
VT,2016,19.87,Dollars per million Btu
VT,2015,21.31,Dollars per million Btu
VT,2014,27.69,Dollars per million Btu
VT,2013,28.26,Dollars per million Btu
VT,2012,29.06,Dollars per million Btu
VT,2011,27.91,Dollars per million Btu
VT,2010,23.65,Dollars per million Btu
VT,2009,21.15,Dollars per million Btu
VT,2008,27.01,Dollars per million Btu
VT,2007,22.9,Dollars per million Btu
VT,2006,21.03,Dollars per million Btu
VT,2005,18.66,Dollars per million Btu
VT,2004,15.96,Dollars per million Btu
VT,2003,14.66,Dollars per million Btu
VT,2002,13.8,Dollars per million Btu
VT,2001,13.9,Dollars per million Btu
VT,2000,13.6,Dollars per million Btu
VT,1999,11.69,Dollars per million Btu
VT,1998,11.08,Dollars per million Btu
VT,1997,11.4,Dollars per million Btu
VT,1996,11.73,Dollars per million Btu
VT,1995,11.21,Dollars per million Btu
VT,1994,10.85,Dollars per million Btu
VT,1993,10.69,Dollars per million Btu
VT,1992,10.65,Dollars per million Btu
VT,1991,10.87,Dollars per million Btu
VT,1990,11.24,Dollars per million Btu
VT,1989,9.91,Dollars per million Btu
VT,1988,9.19,Dollars per million Btu
VT,1987,9.14,Dollars per million Btu
VT,1986,8.86,Dollars per million Btu
VT,1985,10.11,Dollars per million Btu
VT,1984,10.07,Dollars per million Btu
VT,1983,10.26,Dollars per million Btu
VT,1982,10.53,Dollars per million Btu
VT,1981,10.46,Dollars per million Btu
VT,1980,8.97,Dollars per million Btu
VT,1979,6.62,Dollars per million Btu
VT,1978,5.03,Dollars per million Btu
VT,1977,4.75,Dollars per million Btu
VT,1976,4.48,Dollars per million Btu
VT,1975,4.33,Dollars per million Btu
VT,1974,4.08,Dollars per million Btu
VT,1973,2.86,Dollars per million Btu
VT,1972,2.64,Dollars per million Btu
VT,1971,2.52,Dollars per million Btu
VT,1970,2.37,Dollars per million Btu
VA,2017,17.82,Dollars per million Btu
VA,2016,16.61,Dollars per million Btu
VA,2015,17.9,Dollars per million Btu
VA,2014,21.81,Dollars per million Btu
VA,2013,22.12,Dollars per million Btu
VA,2012,22.73,Dollars per million Btu
VA,2011,22.3,Dollars per million Btu
VA,2010,19.2,Dollars per million Btu
VA,2009,17.56,Dollars per million Btu
VA,2008,21.18,Dollars per million Btu
VA,2007,17.56,Dollars per million Btu
VA,2006,16.63,Dollars per million Btu
VA,2005,14.98,Dollars per million Btu
VA,2004,12.67,Dollars per million Btu
VA,2003,11.27,Dollars per million Btu
VA,2002,10.45,Dollars per million Btu
VA,2001,10.71,Dollars per million Btu
VA,2000,10.42,Dollars per million Btu
VA,1999,8.8,Dollars per million Btu
VA,1998,8.44,Dollars per million Btu
VA,1997,9.23,Dollars per million Btu
VA,1996,9.13,Dollars per million Btu
VA,1995,8.75,Dollars per million Btu
VA,1994,8.64,Dollars per million Btu
VA,1993,8.75,Dollars per million Btu
VA,1992,8.61,Dollars per million Btu
VA,1991,8.53,Dollars per million Btu
VA,1990,8.61,Dollars per million Btu
VA,1989,8.04,Dollars per million Btu
VA,1988,7.58,Dollars per million Btu
VA,1987,7.62,Dollars per million Btu
VA,1986,7.44,Dollars per million Btu
VA,1985,8.67,Dollars per million Btu
VA,1984,8.59,Dollars per million Btu
VA,1983,8.9,Dollars per million Btu
VA,1982,9.19,Dollars per million Btu
VA,1981,9.03,Dollars per million Btu
VA,1980,7.95,Dollars per million Btu
VA,1979,5.99,Dollars per million Btu
VA,1978,4.94,Dollars per million Btu
VA,1977,4.72,Dollars per million Btu
VA,1976,4.16,Dollars per million Btu
VA,1975,3.95,Dollars per million Btu
VA,1974,3.33,Dollars per million Btu
VA,1973,2.21,Dollars per million Btu
VA,1972,1.99,Dollars per million Btu
VA,1971,1.88,Dollars per million Btu
VA,1970,1.8,Dollars per million Btu
WA,2017,17.68,Dollars per million Btu
WA,2016,15.79,Dollars per million Btu
WA,2015,17.39,Dollars per million Btu
WA,2014,21.17,Dollars per million Btu
WA,2013,21.53,Dollars per million Btu
WA,2012,21.79,Dollars per million Btu
WA,2011,21.49,Dollars per million Btu
WA,2010,18.36,Dollars per million Btu
WA,2009,16.78,Dollars per million Btu
WA,2008,20.61,Dollars per million Btu
WA,2007,17.71,Dollars per million Btu
WA,2006,16.46,Dollars per million Btu
WA,2005,14.99,Dollars per million Btu
WA,2004,13.06,Dollars per million Btu
WA,2003,11.5,Dollars per million Btu
WA,2002,10.45,Dollars per million Btu
WA,2001,10.44,Dollars per million Btu
WA,2000,9.53,Dollars per million Btu
WA,1999,7.64,Dollars per million Btu
WA,1998,7.01,Dollars per million Btu
WA,1997,7.85,Dollars per million Btu
WA,1996,7.88,Dollars per million Btu
WA,1995,7.34,Dollars per million Btu
WA,1994,7.23,Dollars per million Btu
WA,1993,7.02,Dollars per million Btu
WA,1992,6.59,Dollars per million Btu
WA,1991,7.11,Dollars per million Btu
WA,1990,7.03,Dollars per million Btu
WA,1989,6.54,Dollars per million Btu
WA,1988,6.26,Dollars per million Btu
WA,1987,6.23,Dollars per million Btu
WA,1986,6.2,Dollars per million Btu
WA,1985,7.37,Dollars per million Btu
WA,1984,7.47,Dollars per million Btu
WA,1983,7.45,Dollars per million Btu
WA,1982,7.46,Dollars per million Btu
WA,1981,6.84,Dollars per million Btu
WA,1980,5.89,Dollars per million Btu
WA,1979,4.34,Dollars per million Btu
WA,1978,3.48,Dollars per million Btu
WA,1977,3.32,Dollars per million Btu
WA,1976,3.03,Dollars per million Btu
WA,1975,2.79,Dollars per million Btu
WA,1974,2.39,Dollars per million Btu
WA,1973,1.79,Dollars per million Btu
WA,1972,1.64,Dollars per million Btu
WA,1971,1.64,Dollars per million Btu
WA,1970,1.58,Dollars per million Btu
WV,2017,17.6,Dollars per million Btu
WV,2016,16.45,Dollars per million Btu
WV,2015,16.89,Dollars per million Btu
WV,2014,20.09,Dollars per million Btu
WV,2013,20.64,Dollars per million Btu
WV,2012,21.19,Dollars per million Btu
WV,2011,20.53,Dollars per million Btu
WV,2010,17.43,Dollars per million Btu
WV,2009,15.98,Dollars per million Btu
WV,2008,17.64,Dollars per million Btu
WV,2007,15.02,Dollars per million Btu
WV,2006,14.39,Dollars per million Btu
WV,2005,13.24,Dollars per million Btu
WV,2004,10.85,Dollars per million Btu
WV,2003,9.68,Dollars per million Btu
WV,2002,8.53,Dollars per million Btu
WV,2001,8.81,Dollars per million Btu
WV,2000,8.78,Dollars per million Btu
WV,1999,7.64,Dollars per million Btu
WV,1998,7.26,Dollars per million Btu
WV,1997,7.91,Dollars per million Btu
WV,1996,7.72,Dollars per million Btu
WV,1995,7.51,Dollars per million Btu
WV,1994,7.17,Dollars per million Btu
WV,1993,7.18,Dollars per million Btu
WV,1992,7.12,Dollars per million Btu
WV,1991,7.09,Dollars per million Btu
WV,1990,6.81,Dollars per million Btu
WV,1989,6.21,Dollars per million Btu
WV,1988,5.94,Dollars per million Btu
WV,1987,6.21,Dollars per million Btu
WV,1986,6.17,Dollars per million Btu
WV,1985,7.3,Dollars per million Btu
WV,1984,6.72,Dollars per million Btu
WV,1983,7.2,Dollars per million Btu
WV,1982,6.96,Dollars per million Btu
WV,1981,6.46,Dollars per million Btu
WV,1980,5.55,Dollars per million Btu
WV,1979,4.34,Dollars per million Btu
WV,1978,3.57,Dollars per million Btu
WV,1977,3.39,Dollars per million Btu
WV,1976,2.96,Dollars per million Btu
WV,1975,2.8,Dollars per million Btu
WV,1974,2.17,Dollars per million Btu
WV,1973,1.5,Dollars per million Btu
WV,1972,1.38,Dollars per million Btu
WV,1971,1.31,Dollars per million Btu
WV,1970,1.15,Dollars per million Btu
WI,2017,16.76,Dollars per million Btu
WI,2016,15.77,Dollars per million Btu
WI,2015,16.98,Dollars per million Btu
WI,2014,20.66,Dollars per million Btu
WI,2013,20.27,Dollars per million Btu
WI,2012,21.34,Dollars per million Btu
WI,2011,20.9,Dollars per million Btu
WI,2010,18.46,Dollars per million Btu
WI,2009,16.71,Dollars per million Btu
WI,2008,20.14,Dollars per million Btu
WI,2007,17.95,Dollars per million Btu
WI,2006,16.75,Dollars per million Btu
WI,2005,15.08,Dollars per million Btu
WI,2004,12.75,Dollars per million Btu
WI,2003,11.32,Dollars per million Btu
WI,2002,10,Dollars per million Btu
WI,2001,10.56,Dollars per million Btu
WI,2000,9.93,Dollars per million Btu
WI,1999,8.23,Dollars per million Btu
WI,1998,7.97,Dollars per million Btu
WI,1997,8.26,Dollars per million Btu
WI,1996,8.2,Dollars per million Btu
WI,1995,7.82,Dollars per million Btu
WI,1994,7.92,Dollars per million Btu
WI,1993,7.93,Dollars per million Btu
WI,1992,7.85,Dollars per million Btu
WI,1991,7.89,Dollars per million Btu
WI,1990,8.01,Dollars per million Btu
WI,1989,7.49,Dollars per million Btu
WI,1988,7.4,Dollars per million Btu
WI,1987,7.56,Dollars per million Btu
WI,1986,7.6,Dollars per million Btu
WI,1985,8.41,Dollars per million Btu
WI,1984,8.44,Dollars per million Btu
WI,1983,8.36,Dollars per million Btu
WI,1982,8.34,Dollars per million Btu
WI,1981,7.91,Dollars per million Btu
WI,1980,6.72,Dollars per million Btu
WI,1979,5.25,Dollars per million Btu
WI,1978,4.14,Dollars per million Btu
WI,1977,3.97,Dollars per million Btu
WI,1976,3.64,Dollars per million Btu
WI,1975,3.28,Dollars per million Btu
WI,1974,2.92,Dollars per million Btu
WI,1973,2.26,Dollars per million Btu
WI,1972,2,Dollars per million Btu
WI,1971,1.86,Dollars per million Btu
WI,1970,1.76,Dollars per million Btu
WY,2017,14.51,Dollars per million Btu
WY,2016,13.27,Dollars per million Btu
WY,2015,14.87,Dollars per million Btu
WY,2014,18.79,Dollars per million Btu
WY,2013,18.43,Dollars per million Btu
WY,2012,18.68,Dollars per million Btu
WY,2011,18.21,Dollars per million Btu
WY,2010,15.37,Dollars per million Btu
WY,2009,13.64,Dollars per million Btu
WY,2008,17.86,Dollars per million Btu
WY,2007,14.95,Dollars per million Btu
WY,2006,14.55,Dollars per million Btu
WY,2005,12.94,Dollars per million Btu
WY,2004,10.31,Dollars per million Btu
WY,2003,8.8,Dollars per million Btu
WY,2002,8.03,Dollars per million Btu
WY,2001,8.51,Dollars per million Btu
WY,2000,7.92,Dollars per million Btu
WY,1999,6.56,Dollars per million Btu
WY,1998,5.96,Dollars per million Btu
WY,1997,6.48,Dollars per million Btu
WY,1996,6.38,Dollars per million Btu
WY,1995,6.18,Dollars per million Btu
WY,1994,6.03,Dollars per million Btu
WY,1993,6.13,Dollars per million Btu
WY,1992,5.97,Dollars per million Btu
WY,1991,6.26,Dollars per million Btu
WY,1990,6.53,Dollars per million Btu
WY,1989,6.53,Dollars per million Btu
WY,1988,6.15,Dollars per million Btu
WY,1987,6.1,Dollars per million Btu
WY,1986,6.17,Dollars per million Btu
WY,1985,6.79,Dollars per million Btu
WY,1984,6.79,Dollars per million Btu
WY,1983,6.55,Dollars per million Btu
WY,1982,6.61,Dollars per million Btu
WY,1981,6.68,Dollars per million Btu
WY,1980,5.86,Dollars per million Btu
WY,1979,4.27,Dollars per million Btu
WY,1978,3.22,Dollars per million Btu
WY,1977,2.93,Dollars per million Btu
WY,1976,2.69,Dollars per million Btu
WY,1975,2.55,Dollars per million Btu
WY,1974,2.18,Dollars per million Btu
WY,1973,1.59,Dollars per million Btu
WY,1972,1.33,Dollars per million Btu
WY,1971,1.5,Dollars per million Btu
WY,1970,1.32,Dollars per million Btu
