State,Year,Total_energy,ENERGY_Unit
AL,2016,1124482,Billion Btu
AL,2015,1269743,Billion Btu
AL,2014,1367345,Billion Btu
AL,2013,1478402,Billion Btu
AL,2012,1443558,Billion Btu
AL,2011,1410745,Billion Btu
AL,2010,1429505,Billion Btu
AL,2009,1449253,Billion Btu
AL,2008,1482792,Billion Btu
AL,2007,1408105,Billion Btu
AL,2006,1413493,Billion Btu
AL,2005,1502435,Billion Btu
AL,2004,1544007,Billion Btu
AL,2003,1521048,Billion Btu
AL,2002,1486477,Billion Btu
AL,2001,1484590,Billion Btu
AL,2000,1539601,Billion Btu
AL,1999,1578642,Billion Btu
AL,1998,1672363,Billion Btu
AL,1997,1708520,Billion Btu
AL,1996,1740273,Billion Btu
AL,1995,1649515,Billion Btu
AL,1994,1637594,Billion Btu
AL,1993,1484437,Billion Btu
AL,1992,1485033,Billion Btu
AL,1991,1376322,Billion Btu
AL,1990,1342218,Billion Btu
AL,1989,1360335,Billion Btu
AL,1988,1262666,Billion Btu
AL,1987,1223311,Billion Btu
AL,1986,1212158,Billion Btu
AL,1985,1321089,Billion Btu
AL,1984,1436061,Billion Btu
AL,1983,1344208,Billion Btu
AL,1982,1420985,Billion Btu
AL,1981,1276911,Billion Btu
AL,1980,1332560,Billion Btu
AL,1979,1218930,Billion Btu
AL,1978,1096730,Billion Btu
AL,1977,1056925,Billion Btu
AL,1976,845043,Billion Btu
AL,1975,867574,Billion Btu
AL,1974,807086,Billion Btu
AL,1973,718203,Billion Btu
AL,1972,736780,Billion Btu
AL,1971,644204,Billion Btu
AL,1970,679425,Billion Btu
AL,1969,604556,Billion Btu
AL,1968,577176,Billion Btu
AL,1967,566875,Billion Btu
AL,1966,516645,Billion Btu
AL,1965,532433,Billion Btu
AL,1964,541265,Billion Btu
AL,1963,469030,Billion Btu
AL,1962,484726,Billion Btu
AL,1961,474779,Billion Btu
AL,1960,474229,Billion Btu
AK,2016,1433116,Billion Btu
AK,2015,1424762,Billion Btu
AK,2014,1474609,Billion Btu
AK,2013,1513406,Billion Btu
AK,2012,1563461,Billion Btu
AK,2011,1642015,Billion Btu
AK,2010,1738219,Billion Btu
AK,2009,1853317,Billion Btu
AK,2008,1932755,Billion Btu
AK,2007,2051639,Billion Btu
AK,2006,2100329,Billion Btu
AK,2005,2415039,Billion Btu
AK,2004,2512619,Billion Btu
AK,2003,2660210,Billion Btu
AK,2002,2658368,Billion Btu
AK,2001,2630790,Billion Btu
AK,2000,2645900,Billion Btu
AK,1999,2797459,Billion Btu
AK,1998,3067133,Billion Btu
AK,1997,3331780,Billion Btu
AK,1996,3558296,Billion Btu
AK,1995,3736998,Billion Btu
AK,1994,3969253,Billion Btu
AK,1993,3891653,Billion Btu
AK,1992,4193120,Billion Btu
AK,1991,4347323,Billion Btu
AK,1990,4231722,Billion Btu
AK,1989,4446320,Billion Btu
AK,1988,4752211,Billion Btu
AK,1987,4592198,Billion Btu
AK,1986,4302597,Billion Btu
AK,1985,4235098,Billion Btu
AK,1984,3976349,Billion Btu
AK,1983,3928061,Billion Btu
AK,1982,3876789,Billion Btu
AK,1981,3673107,Billion Btu
AK,1980,3684552,Billion Btu
AK,1979,3210995,Billion Btu
AK,1978,2829103,Billion Btu
AK,1977,1195224,Billion Btu
AK,1976,557241,Billion Btu
AK,1975,589081,Billion Btu
AK,1974,560508,Billion Btu
AK,1973,572417,Billion Btu
AK,1972,569628,Billion Btu
AK,1971,603475,Billion Btu
AK,1970,615009,Billion Btu
AK,1969,499135,Billion Btu
AK,1968,421678,Billion Btu
AK,1967,206393,Billion Btu
AK,1966,117440,Billion Btu
AK,1965,94316,Billion Btu
AK,1964,90198,Billion Btu
AK,1963,87933,Billion Btu
AK,1962,82748,Billion Btu
AK,1961,56144,Billion Btu
AK,1960,21554,Billion Btu
AZ,2016,593132,Billion Btu
AZ,2015,614524,Billion Btu
AZ,2014,631852,Billion Btu
AZ,2013,591410,Billion Btu
AZ,2012,594938,Billion Btu
AZ,2011,615323,Billion Btu
AZ,2010,579778,Billion Btu
AZ,2009,563061,Billion Btu
AZ,2008,576899,Billion Btu
AZ,2007,538976,Billion Btu
AZ,2006,511638,Billion Btu
AZ,2005,611615,Billion Btu
AZ,2004,653416,Billion Btu
AZ,2003,643921,Billion Btu
AZ,2002,689876,Billion Btu
AZ,2001,684436,Billion Btu
AZ,2000,705102,Billion Btu
AZ,1999,691730,Billion Btu
AZ,1998,693182,Billion Btu
AZ,1997,706668,Billion Btu
AZ,1996,644652,Billion Btu
AZ,1995,650960,Billion Btu
AZ,1994,624857,Billion Btu
AZ,1993,586831,Billion Btu
AZ,1992,632315,Billion Btu
AZ,1991,644029,Billion Btu
AZ,1990,564631,Billion Btu
AZ,1989,450325,Billion Btu
AZ,1988,616440,Billion Btu
AZ,1987,515728,Billion Btu
AZ,1986,536812,Billion Btu
AZ,1985,397320,Billion Btu
AZ,1984,444544,Billion Btu
AZ,1983,429319,Billion Btu
AZ,1982,369985,Billion Btu
AZ,1981,351173,Billion Btu
AZ,1980,363380,Billion Btu
AZ,1979,337892,Billion Btu
AZ,1978,282521,Billion Btu
AZ,1977,322606,Billion Btu
AZ,1976,317800,Billion Btu
AZ,1975,239058,Billion Btu
AZ,1974,228968,Billion Btu
AZ,1973,155841,Billion Btu
AZ,1972,146644,Billion Btu
AZ,1971,107529,Billion Btu
AZ,1970,83347,Billion Btu
AZ,1969,83154,Billion Btu
AZ,1968,83935,Billion Btu
AZ,1967,74733,Billion Btu
AZ,1966,62173,Billion Btu
AZ,1965,53947,Billion Btu
AZ,1964,36786,Billion Btu
AZ,1963,36668,Billion Btu
AZ,1962,35003,Billion Btu
AZ,1961,35506,Billion Btu
AZ,1960,36737,Billion Btu
AR,2016,1130117,Billion Btu
AR,2015,1319553,Billion Btu
AR,2014,1440726,Billion Btu
AR,2013,1434515,Billion Btu
AR,2012,1466389,Billion Btu
AR,2011,1385343,Billion Btu
AR,2010,1250560,Billion Btu
AR,2009,1007445,Billion Btu
AR,2008,761611,Billion Btu
AR,2007,593930,Billion Btu
AR,2006,572694,Billion Btu
AR,2005,484786,Billion Btu
AR,2004,503242,Billion Btu
AR,2003,478389,Billion Btu
AR,2002,469275,Billion Btu
AR,2001,462934,Billion Btu
AR,2000,447405,Billion Btu
AR,1999,461717,Billion Btu
AR,1998,492864,Billion Btu
AR,1997,534963,Billion Btu
AR,1996,538267,Billion Btu
AR,1995,494545,Billion Btu
AR,1994,514479,Billion Btu
AR,1993,534494,Billion Btu
AR,1992,496981,Billion Btu
AR,1991,471508,Billion Btu
AR,1990,468876,Billion Btu
AR,1989,456900,Billion Btu
AR,1988,441893,Billion Btu
AR,1987,435389,Billion Btu
AR,1986,416153,Billion Btu
AR,1985,486478,Billion Btu
AR,1984,459096,Billion Btu
AR,1983,422626,Billion Btu
AR,1982,400589,Billion Btu
AR,1981,375429,Billion Btu
AR,1980,382684,Billion Btu
AR,1979,351619,Billion Btu
AR,1978,373011,Billion Btu
AR,1977,361679,Billion Btu
AR,1976,332428,Billion Btu
AR,1975,346976,Billion Btu
AR,1974,316907,Billion Btu
AR,1973,354646,Billion Btu
AR,1972,340310,Billion Btu
AR,1971,343260,Billion Btu
AR,1970,355251,Billion Btu
AR,1969,349798,Billion Btu
AR,1968,344724,Billion Btu
AR,1967,293202,Billion Btu
AR,1966,304029,Billion Btu
AR,1965,287622,Billion Btu
AR,1964,281398,Billion Btu
AR,1963,284577,Billion Btu
AR,1962,282278,Billion Btu
AR,1961,291267,Billion Btu
AR,1960,289353,Billion Btu
CA,2016,2431124,Billion Btu
CA,2015,2361858,Billion Btu
CA,2014,2383159,Billion Btu
CA,2013,2372246,Billion Btu
CA,2012,2317708,Billion Btu
CA,2011,2632438,Billion Btu
CA,2010,2526549,Billion Btu
CA,2009,2490620,Billion Btu
CA,2008,2518661,Billion Btu
CA,2007,2617351,Billion Btu
CA,2006,2799909,Billion Btu
CA,2005,2807510,Billion Btu
CA,2004,2761999,Billion Btu
CA,2003,2902532,Billion Btu
CA,2002,2925186,Billion Btu
CA,2001,2875228,Billion Btu
CA,2000,3066949,Billion Btu
CA,1999,3102915,Billion Btu
CA,1998,3190783,Billion Btu
CA,1997,3048183,Billion Btu
CA,1996,3134274,Billion Btu
CA,1995,3090253,Billion Btu
CA,1994,2985564,Billion Btu
CA,1993,3204872,Billion Btu
CA,1992,3186583,Billion Btu
CA,1991,3251970,Billion Btu
CA,1990,3278185,Billion Btu
CA,1989,3408913,Billion Btu
CA,1988,3341624,Billion Btu
CA,1987,3423928,Billion Btu
CA,1986,3648466,Billion Btu
CA,1985,3635170,Billion Btu
CA,1984,3587345,Billion Btu
CA,1983,3501860,Billion Btu
CA,1982,3337246,Billion Btu
CA,1981,3071515,Billion Btu
CA,1980,2999266,Billion Btu
CA,1979,2916929,Billion Btu
CA,1978,2956653,Billion Btu
CA,1977,2735648,Billion Btu
CA,1976,2686010,Billion Btu
CA,1975,2789880,Billion Btu
CA,1974,2881563,Billion Btu
CA,1973,2929075,Billion Btu
CA,1972,2950221,Billion Btu
CA,1971,3171183,Billion Btu
CA,1970,3309486,Billion Btu
CA,1969,3463245,Billion Btu
CA,1968,3394787,Billion Btu
CA,1967,3339208,Billion Btu
CA,1966,3166243,Billion Btu
CA,1965,3009455,Billion Btu
CA,1964,2832818,Billion Btu
CA,1963,2844513,Billion Btu
CA,1962,2692241,Billion Btu
CA,1961,2619763,Billion Btu
CA,1960,2630898,Billion Btu
CO,2016,3078173,Billion Btu
CO,2015,3193430,Billion Btu
CO,2014,3060817,Billion Btu
CO,2013,2834198,Billion Btu
CO,2012,2921831,Billion Btu
CO,2011,2749591,Billion Btu
CO,2010,2561382,Billion Btu
CO,2009,2497428,Billion Btu
CO,2008,2466361,Billion Btu
CO,2007,2359097,Billion Btu
CO,2006,2289963,Billion Btu
CO,2005,2246251,Billion Btu
CO,2004,2194135,Billion Btu
CO,2003,2028512,Billion Btu
CO,2002,1926698,Billion Btu
CO,2001,1736326,Billion Btu
CO,2000,1586157,Billion Btu
CO,1999,1568045,Billion Btu
CO,1998,1551668,Billion Btu
CO,1997,1470607,Billion Btu
CO,1996,1345794,Billion Btu
CO,1995,1337527,Billion Btu
CO,1994,1237559,Billion Btu
CO,1993,1115734,Billion Btu
CO,1992,977020,Billion Btu
CO,1991,920602,Billion Btu
CO,1990,875832,Billion Btu
CO,1989,822054,Billion Btu
CO,1988,788215,Billion Btu
CO,1987,701052,Billion Btu
CO,1986,731946,Billion Btu
CO,1985,797377,Billion Btu
CO,1984,796899,Billion Btu
CO,1983,764392,Billion Btu
CO,1982,857268,Billion Btu
CO,1981,870081,Billion Btu
CO,1980,836576,Billion Btu
CO,1979,826621,Billion Btu
CO,1978,734510,Billion Btu
CO,1977,711999,Billion Btu
CO,1976,642596,Billion Btu
CO,1975,593164,Billion Btu
CO,1974,542209,Billion Btu
CO,1973,509663,Billion Btu
CO,1972,451217,Billion Btu
CO,1971,414787,Billion Btu
CO,1970,405592,Billion Btu
CO,1969,425728,Billion Btu
CO,1968,449294,Billion Btu
CO,1967,453052,Billion Btu
CO,1966,466858,Billion Btu
CO,1965,445898,Billion Btu
CO,1964,432641,Billion Btu
CO,1963,429258,Billion Btu
CO,1962,442497,Billion Btu
CO,1961,478706,Billion Btu
CO,1960,481962,Billion Btu
CT,2016,204856,Billion Btu
CT,2015,211889,Billion Btu
CT,2014,197800,Billion Btu
CT,2013,207893,Billion Btu
CT,2012,205475,Billion Btu
CT,2011,196367,Billion Btu
CT,2010,204189,Billion Btu
CT,2009,203640,Billion Btu
CT,2008,187550,Billion Btu
CT,2007,195758,Billion Btu
CT,2006,198740,Billion Btu
CT,2005,188134,Billion Btu
CT,2004,202659,Billion Btu
CT,2003,198795,Billion Btu
CT,2002,184091,Billion Btu
CT,2001,190925,Billion Btu
CT,2000,221252,Billion Btu
CT,1999,181746,Billion Btu
CT,1998,83210,Billion Btu
CT,1997,49401,Billion Btu
CT,1996,121439,Billion Btu
CT,1995,243139,Billion Btu
CT,1994,251155,Billion Btu
CT,1993,268117,Billion Btu
CT,1992,214532,Billion Btu
CT,1991,163251,Billion Btu
CT,1990,243985,Billion Btu
CT,1989,243075,Billion Btu
CT,1988,270312,Billion Btu
CT,1987,245290,Billion Btu
CT,1986,232990,Billion Btu
CT,1985,175409,Billion Btu
CT,1984,196037,Billion Btu
CT,1983,174555,Billion Btu
CT,1982,192310,Billion Btu
CT,1981,182655,Billion Btu
CT,1980,172842,Billion Btu
CT,1979,167591,Billion Btu
CT,1978,178065,Billion Btu
CT,1977,165981,Billion Btu
CT,1976,160076,Billion Btu
CT,1975,111827,Billion Btu
CT,1974,111459,Billion Btu
CT,1973,68780,Billion Btu
CT,1972,106643,Billion Btu
CT,1971,104379,Billion Btu
CT,1970,58859,Billion Btu
CT,1969,59867,Billion Btu
CT,1968,52598,Billion Btu
CT,1967,24128,Billion Btu
CT,1966,16243,Billion Btu
CT,1965,15500,Billion Btu
CT,1964,16703,Billion Btu
CT,1963,16253,Billion Btu
CT,1962,15937,Billion Btu
CT,1961,17076,Billion Btu
CT,1960,17406,Billion Btu
DE,2016,3409,Billion Btu
DE,2015,3815,Billion Btu
DE,2014,4246,Billion Btu
DE,2013,3816,Billion Btu
DE,2012,3520,Billion Btu
DE,2011,3969,Billion Btu
DE,2010,3577,Billion Btu
DE,2009,3575,Billion Btu
DE,2008,2951,Billion Btu
DE,2007,1530,Billion Btu
DE,2006,871,Billion Btu
DE,2005,954,Billion Btu
DE,2004,1435,Billion Btu
DE,2003,1401,Billion Btu
DE,2002,1314,Billion Btu
DE,2001,1324,Billion Btu
DE,2000,2290,Billion Btu
DE,1999,2001,Billion Btu
DE,1998,1936,Billion Btu
DE,1997,2203,Billion Btu
DE,1996,2642,Billion Btu
DE,1995,2476,Billion Btu
DE,1994,2422,Billion Btu
DE,1993,2492,Billion Btu
DE,1992,1783,Billion Btu
DE,1991,1733,Billion Btu
DE,1990,1653,Billion Btu
DE,1989,2516,Billion Btu
DE,1988,2310,Billion Btu
DE,1987,2162,Billion Btu
DE,1986,2765,Billion Btu
DE,1985,3019,Billion Btu
DE,1984,2927,Billion Btu
DE,1983,2224,Billion Btu
DE,1982,3170,Billion Btu
DE,1981,2006,Billion Btu
DE,1980,2472,Billion Btu
DE,1979,8729,Billion Btu
DE,1978,10667,Billion Btu
DE,1977,10161,Billion Btu
DE,1976,9607,Billion Btu
DE,1975,7901,Billion Btu
DE,1974,8466,Billion Btu
DE,1973,8483,Billion Btu
DE,1972,8190,Billion Btu
DE,1971,7673,Billion Btu
DE,1970,7021,Billion Btu
DE,1969,7073,Billion Btu
DE,1968,6594,Billion Btu
DE,1967,5783,Billion Btu
DE,1966,5852,Billion Btu
DE,1965,5577,Billion Btu
DE,1964,5510,Billion Btu
DE,1963,5356,Billion Btu
DE,1962,5134,Billion Btu
DE,1961,5101,Billion Btu
DE,1960,4982,Billion Btu
DC,2016,1121,Billion Btu
DC,2015,848,Billion Btu
DC,2014,345,Billion Btu
DC,2013,306,Billion Btu
DC,2012,274,Billion Btu
DC,2011,278,Billion Btu
DC,2010,106,Billion Btu
DC,2009,48,Billion Btu
DC,2008,64,Billion Btu
DC,2007,55,Billion Btu
DC,2006,51,Billion Btu
DC,2005,47,Billion Btu
DC,2004,943,Billion Btu
DC,2003,925,Billion Btu
DC,2002,880,Billion Btu
DC,2001,866,Billion Btu
DC,2000,1354,Billion Btu
DC,1999,1259,Billion Btu
DC,1998,1222,Billion Btu
DC,1997,1378,Billion Btu
DC,1996,1922,Billion Btu
DC,1995,1851,Billion Btu
DC,1994,1849,Billion Btu
DC,1993,1946,Billion Btu
DC,1992,1412,Billion Btu
DC,1991,1345,Billion Btu
DC,1990,1283,Billion Btu
DC,1989,2511,Billion Btu
DC,1988,2378,Billion Btu
DC,1987,2226,Billion Btu
DC,1986,3047,Billion Btu
DC,1985,3327,Billion Btu
DC,1984,3226,Billion Btu
DC,1983,2563,Billion Btu
DC,1982,3654,Billion Btu
DC,1981,2311,Billion Btu
DC,1980,2849,Billion Btu
DC,1979,210,Billion Btu
DC,1978,193,Billion Btu
DC,1977,158,Billion Btu
DC,1976,146,Billion Btu
DC,1975,131,Billion Btu
DC,1974,129,Billion Btu
DC,1973,114,Billion Btu
DC,1972,118,Billion Btu
DC,1971,116,Billion Btu
DC,1970,113,Billion Btu
DC,1969,108,Billion Btu
DC,1968,120,Billion Btu
DC,1967,112,Billion Btu
DC,1966,111,Billion Btu
DC,1965,120,Billion Btu
DC,1964,138,Billion Btu
DC,1963,148,Billion Btu
DC,1962,166,Billion Btu
DC,1961,163,Billion Btu
DC,1960,155,Billion Btu
FL,2016,551964,Billion Btu
FL,2015,545059,Billion Btu
FL,2014,535578,Billion Btu
FL,2013,523300,Billion Btu
FL,2012,422918,Billion Btu
FL,2011,483006,Billion Btu
FL,2010,500472,Billion Btu
FL,2009,522486,Billion Btu
FL,2008,544961,Billion Btu
FL,2007,511826,Billion Btu
FL,2006,530680,Billion Btu
FL,2005,501924,Billion Btu
FL,2004,526187,Billion Btu
FL,2003,534824,Billion Btu
FL,2002,552266,Billion Btu
FL,2001,521446,Billion Btu
FL,2000,567525,Billion Btu
FL,1999,570597,Billion Btu
FL,1998,574965,Billion Btu
FL,1997,518157,Billion Btu
FL,1996,553216,Billion Btu
FL,1995,564537,Billion Btu
FL,1994,540628,Billion Btu
FL,1993,533127,Billion Btu
FL,1992,536507,Billion Btu
FL,1991,463732,Billion Btu
FL,1990,474066,Billion Btu
FL,1989,509790,Billion Btu
FL,1988,450490,Billion Btu
FL,1987,366834,Billion Btu
FL,1986,421051,Billion Btu
FL,1985,446764,Billion Btu
FL,1984,477980,Billion Btu
FL,1983,401701,Billion Btu
FL,1982,508763,Billion Btu
FL,1981,500518,Billion Btu
FL,1980,591982,Billion Btu
FL,1979,589635,Billion Btu
FL,1978,593612,Billion Btu
FL,1977,590465,Billion Btu
FL,1976,476207,Billion Btu
FL,1975,445543,Billion Btu
FL,1974,396757,Billion Btu
FL,1973,336802,Billion Btu
FL,1972,172712,Billion Btu
FL,1971,82213,Billion Btu
FL,1970,68429,Billion Btu
FL,1969,61597,Billion Btu
FL,1968,58252,Billion Btu
FL,1967,53813,Billion Btu
FL,1966,53484,Billion Btu
FL,1965,48554,Billion Btu
FL,1964,42667,Billion Btu
FL,1963,41352,Billion Btu
FL,1962,38296,Billion Btu
FL,1961,36626,Billion Btu
FL,1960,37861,Billion Btu
GA,2016,648439,Billion Btu
GA,2015,632653,Billion Btu
GA,2014,608929,Billion Btu
GA,2013,592058,Billion Btu
GA,2012,562771,Billion Btu
GA,2011,557342,Billion Btu
GA,2010,568885,Billion Btu
GA,2009,525635,Billion Btu
GA,2008,504338,Billion Btu
GA,2007,541916,Billion Btu
GA,2006,541212,Billion Btu
GA,2005,545083,Billion Btu
GA,2004,578661,Billion Btu
GA,2003,568266,Billion Btu
GA,2002,608531,Billion Btu
GA,2001,543799,Billion Btu
GA,2000,560846,Billion Btu
GA,1999,560061,Billion Btu
GA,1998,585785,Billion Btu
GA,1997,581648,Billion Btu
GA,1996,571162,Billion Btu
GA,1995,571269,Billion Btu
GA,1994,543173,Billion Btu
GA,1993,526056,Billion Btu
GA,1992,527634,Billion Btu
GA,1991,499665,Billion Btu
GA,1990,497899,Billion Btu
GA,1989,482467,Billion Btu
GA,1988,299310,Billion Btu
GA,1987,305371,Billion Btu
GA,1986,218287,Billion Btu
GA,1985,253809,Billion Btu
GA,1984,218782,Billion Btu
GA,1983,235880,Billion Btu
GA,1982,217014,Billion Btu
GA,1981,202508,Billion Btu
GA,1980,236053,Billion Btu
GA,1979,205226,Billion Btu
GA,1978,187805,Billion Btu
GA,1977,181782,Billion Btu
GA,1976,185494,Billion Btu
GA,1975,159348,Billion Btu
GA,1974,122068,Billion Btu
GA,1973,125605,Billion Btu
GA,1972,114745,Billion Btu
GA,1971,109007,Billion Btu
GA,1970,98222,Billion Btu
GA,1969,105812,Billion Btu
GA,1968,106371,Billion Btu
GA,1967,109475,Billion Btu
GA,1966,109456,Billion Btu
GA,1965,108022,Billion Btu
GA,1964,118296,Billion Btu
GA,1963,103171,Billion Btu
GA,1962,96771,Billion Btu
GA,1961,94691,Billion Btu
GA,1960,96116,Billion Btu
HI,2016,27372,Billion Btu
HI,2015,24873,Billion Btu
HI,2014,24072,Billion Btu
HI,2013,22397,Billion Btu
HI,2012,18124,Billion Btu
HI,2011,16563,Billion Btu
HI,2010,15165,Billion Btu
HI,2009,15800,Billion Btu
HI,2008,15912,Billion Btu
HI,2007,15031,Billion Btu
HI,2006,13999,Billion Btu
HI,2005,12936,Billion Btu
HI,2004,13769,Billion Btu
HI,2003,13310,Billion Btu
HI,2002,10452,Billion Btu
HI,2001,12389,Billion Btu
HI,2000,20386,Billion Btu
HI,1999,21767,Billion Btu
HI,1998,21657,Billion Btu
HI,1997,22502,Billion Btu
HI,1996,24088,Billion Btu
HI,1995,24608,Billion Btu
HI,1994,25404,Billion Btu
HI,1993,27829,Billion Btu
HI,1992,26800,Billion Btu
HI,1991,27516,Billion Btu
HI,1990,27937,Billion Btu
HI,1989,28875,Billion Btu
HI,1988,20427,Billion Btu
HI,1987,18834,Billion Btu
HI,1986,17315,Billion Btu
HI,1985,15307,Billion Btu
HI,1984,15372,Billion Btu
HI,1983,14920,Billion Btu
HI,1982,13379,Billion Btu
HI,1981,13571,Billion Btu
HI,1980,12808,Billion Btu
HI,1979,1258,Billion Btu
HI,1978,1143,Billion Btu
HI,1977,1355,Billion Btu
HI,1976,1663,Billion Btu
HI,1975,1498,Billion Btu
HI,1974,1550,Billion Btu
HI,1973,1528,Billion Btu
HI,1972,1491,Billion Btu
HI,1971,1283,Billion Btu
HI,1970,1559,Billion Btu
HI,1969,1773,Billion Btu
HI,1968,1657,Billion Btu
HI,1967,1389,Billion Btu
HI,1966,1309,Billion Btu
HI,1965,1265,Billion Btu
HI,1964,1429,Billion Btu
HI,1963,446,Billion Btu
HI,1962,214,Billion Btu
HI,1961,258,Billion Btu
HI,1960,292,Billion Btu
ID,2016,147037,Billion Btu
ID,2015,143835,Billion Btu
ID,2014,155482,Billion Btu
ID,2013,139303,Billion Btu
ID,2012,155178,Billion Btu
ID,2011,177074,Billion Btu
ID,2010,132518,Billion Btu
ID,2009,134502,Billion Btu
ID,2008,133541,Billion Btu
ID,2007,125621,Billion Btu
ID,2006,146507,Billion Btu
ID,2005,121084,Billion Btu
ID,2004,112379,Billion Btu
ID,2003,109553,Billion Btu
ID,2002,113779,Billion Btu
ID,2001,105045,Billion Btu
ID,2000,141448,Billion Btu
ID,1999,167747,Billion Btu
ID,1998,160202,Billion Btu
ID,1997,179342,Billion Btu
ID,1996,164235,Billion Btu
ID,1995,139907,Billion Btu
ID,1994,106699,Billion Btu
ID,1993,126225,Billion Btu
ID,1992,95133,Billion Btu
ID,1991,116020,Billion Btu
ID,1990,119510,Billion Btu
ID,1989,124650,Billion Btu
ID,1988,87512,Billion Btu
ID,1987,101722,Billion Btu
ID,1986,146627,Billion Btu
ID,1985,132508,Billion Btu
ID,1984,156347,Billion Btu
ID,1983,152250,Billion Btu
ID,1982,137242,Billion Btu
ID,1981,115694,Billion Btu
ID,1980,113407,Billion Btu
ID,1979,113729,Billion Btu
ID,1978,119334,Billion Btu
ID,1977,85968,Billion Btu
ID,1976,121380,Billion Btu
ID,1975,118011,Billion Btu
ID,1974,111472,Billion Btu
ID,1973,97216,Billion Btu
ID,1972,92776,Billion Btu
ID,1971,89445,Billion Btu
ID,1970,85735,Billion Btu
ID,1969,76228,Billion Btu
ID,1968,80804,Billion Btu
ID,1967,82252,Billion Btu
ID,1966,81379,Billion Btu
ID,1965,79778,Billion Btu
ID,1964,76892,Billion Btu
ID,1963,73227,Billion Btu
ID,1962,73984,Billion Btu
ID,1961,70403,Billion Btu
ID,1960,77688,Billion Btu
IL,2016,2406215,Billion Btu
IL,2015,2660468,Billion Btu
IL,2014,2682010,Billion Btu
IL,2013,2519330,Billion Btu
IL,2012,2440820,Billion Btu
IL,2011,2188720,Billion Btu
IL,2010,2091364,Billion Btu
IL,2009,2081720,Billion Btu
IL,2008,2003897,Billion Btu
IL,2007,1973705,Billion Btu
IL,2006,1918055,Billion Btu
IL,2005,1896730,Billion Btu
IL,2004,1900138,Billion Btu
IL,2003,1935502,Billion Btu
IL,2002,1912109,Billion Btu
IL,2001,1908364,Billion Btu
IL,2000,1888998,Billion Btu
IL,1999,1957536,Billion Btu
IL,1998,1669295,Billion Btu
IL,1997,1659524,Billion Btu
IL,1996,1967259,Billion Btu
IL,1995,2121661,Billion Btu
IL,1994,2166775,Billion Btu
IL,1993,1975493,Billion Btu
IL,1992,2366626,Billion Btu
IL,1991,2341268,Billion Btu
IL,1990,2344500,Billion Btu
IL,1989,2383996,Billion Btu
IL,1988,2355697,Billion Btu
IL,1987,2152414,Billion Btu
IL,1986,2147798,Billion Btu
IL,1985,2055136,Billion Btu
IL,1984,2101545,Billion Btu
IL,1983,1872994,Billion Btu
IL,1982,1906473,Billion Btu
IL,1981,1707156,Billion Btu
IL,1980,1886839,Billion Btu
IL,1979,1785582,Billion Btu
IL,1978,1607679,Billion Btu
IL,1977,1660747,Billion Btu
IL,1976,1752734,Billion Btu
IL,1975,1716971,Billion Btu
IL,1974,1675239,Billion Btu
IL,1973,1771669,Billion Btu
IL,1972,1841626,Billion Btu
IL,1971,1612167,Billion Btu
IL,1970,1776846,Billion Btu
IL,1969,1788755,Billion Btu
IL,1968,1771621,Billion Btu
IL,1967,1845087,Billion Btu
IL,1966,1835476,Billion Btu
IL,1965,1727688,Billion Btu
IL,1964,1688972,Billion Btu
IL,1963,1645044,Billion Btu
IL,1962,1599502,Billion Btu
IL,1961,1506491,Billion Btu
IL,1960,1526429,Billion Btu
IN,2016,917924,Billion Btu
IN,2015,1035083,Billion Btu
IN,2014,1124390,Billion Btu
IN,2013,1107930,Billion Btu
IN,2012,1045778,Billion Btu
IN,2011,1063382,Billion Btu
IN,2010,988588,Billion Btu
IN,2009,966316,Billion Btu
IN,2008,942352,Billion Btu
IN,2007,868290,Billion Btu
IN,2006,845555,Billion Btu
IN,2005,840792,Billion Btu
IN,2004,854703,Billion Btu
IN,2003,859937,Billion Btu
IN,2002,854384,Billion Btu
IN,2001,875593,Billion Btu
IN,2000,678282,Billion Btu
IN,1999,812026,Billion Btu
IN,1998,870583,Billion Btu
IN,1997,845617,Billion Btu
IN,1996,720881,Billion Btu
IN,1995,647010,Billion Btu
IN,1994,756796,Billion Btu
IN,1993,723408,Billion Btu
IN,1992,758583,Billion Btu
IN,1991,779653,Billion Btu
IN,1990,875212,Billion Btu
IN,1989,836262,Billion Btu
IN,1988,798991,Billion Btu
IN,1987,858033,Billion Btu
IN,1986,829471,Billion Btu
IN,1985,834936,Billion Btu
IN,1984,914373,Billion Btu
IN,1983,792648,Billion Btu
IN,1982,785360,Billion Btu
IN,1981,725449,Billion Btu
IN,1980,756592,Billion Btu
IN,1979,677130,Billion Btu
IN,1978,595370,Billion Btu
IN,1977,671646,Billion Btu
IN,1976,611331,Billion Btu
IN,1975,601302,Billion Btu
IN,1974,575209,Billion Btu
IN,1973,614098,Billion Btu
IN,1972,645110,Billion Btu
IN,1971,543204,Billion Btu
IN,1970,568289,Billion Btu
IN,1969,523314,Billion Btu
IN,1968,491358,Billion Btu
IN,1967,504437,Billion Btu
IN,1966,472286,Billion Btu
IN,1965,436816,Billion Btu
IN,1964,424814,Billion Btu
IN,1963,429887,Billion Btu
IN,1962,444556,Billion Btu
IN,1961,427978,Billion Btu
IN,1960,441137,Billion Btu
IA,2016,804274,Billion Btu
IA,2015,770741,Billion Btu
IA,2014,755052,Billion Btu
IA,2013,730656,Billion Btu
IA,2012,678351,Billion Btu
IA,2011,689289,Billion Btu
IA,2010,673440,Billion Btu
IA,2009,585769,Billion Btu
IA,2008,454058,Billion Btu
IA,2007,380265,Billion Btu
IA,2006,316592,Billion Btu
IA,2005,259924,Billion Btu
IA,2004,224160,Billion Btu
IA,2003,175690,Billion Btu
IA,2002,160968,Billion Btu
IA,2001,145163,Billion Btu
IA,2000,155811,Billion Btu
IA,1999,152225,Billion Btu
IA,1998,147502,Billion Btu
IA,1997,153720,Billion Btu
IA,1996,160933,Billion Btu
IA,1995,152311,Billion Btu
IA,1994,157845,Billion Btu
IA,1993,143683,Billion Btu
IA,1992,141569,Billion Btu
IA,1991,142166,Billion Btu
IA,1990,128088,Billion Btu
IA,1989,133347,Billion Btu
IA,1988,163135,Billion Btu
IA,1987,154433,Billion Btu
IA,1986,148713,Billion Btu
IA,1985,110943,Billion Btu
IA,1984,117185,Billion Btu
IA,1983,105350,Billion Btu
IA,1982,102947,Billion Btu
IA,1981,104262,Billion Btu
IA,1980,96795,Billion Btu
IA,1979,62098,Billion Btu
IA,1978,41336,Billion Btu
IA,1977,58106,Billion Btu
IA,1976,54929,Billion Btu
IA,1975,54089,Billion Btu
IA,1974,43130,Billion Btu
IA,1973,27988,Billion Btu
IA,1972,34811,Billion Btu
IA,1971,35516,Billion Btu
IA,1970,36465,Billion Btu
IA,1969,33900,Billion Btu
IA,1968,34337,Billion Btu
IA,1967,32480,Billion Btu
IA,1966,36164,Billion Btu
IA,1965,36702,Billion Btu
IA,1964,32894,Billion Btu
IA,1963,38456,Billion Btu
IA,1962,38919,Billion Btu
IA,1961,34859,Billion Btu
IA,1960,37943,Billion Btu
KS,2016,792210,Billion Btu
KS,2015,854151,Billion Btu
KS,2014,881553,Billion Btu
KS,2013,830177,Billion Btu
KS,2012,793248,Billion Btu
KS,2011,781714,Billion Btu
KS,2010,813038,Billion Btu
KS,2009,817463,Billion Btu
KS,2008,834726,Billion Btu
KS,2007,796092,Billion Btu
KS,2006,780168,Billion Btu
KS,2005,756211,Billion Btu
KS,2004,791220,Billion Btu
KS,2003,801232,Billion Btu
KS,2002,839141,Billion Btu
KS,2001,868517,Billion Btu
KS,2000,908840,Billion Btu
KS,1999,912113,Billion Btu
KS,1998,1006752,Billion Btu
KS,1997,1088075,Billion Btu
KS,1996,1134769,Billion Btu
KS,1995,1184021,Billion Btu
KS,1994,1172377,Billion Btu
KS,1993,1146895,Billion Btu
KS,1992,1145658,Billion Btu
KS,1991,1122331,Billion Btu
KS,1990,1062318,Billion Btu
KS,1989,1111342,Billion Btu
KS,1988,1087579,Billion Btu
KS,1987,1017902,Billion Btu
KS,1986,1031414,Billion Btu
KS,1985,1089893,Billion Btu
KS,1984,1008096,Billion Btu
KS,1983,951025,Billion Btu
KS,1982,931996,Billion Btu
KS,1981,1120963,Billion Btu
KS,1980,1177964,Billion Btu
KS,1979,1218598,Billion Btu
KS,1978,1272768,Billion Btu
KS,1977,1197624,Billion Btu
KS,1976,1244240,Billion Btu
KS,1975,1262266,Billion Btu
KS,1974,1329329,Billion Btu
KS,1973,1374247,Billion Btu
KS,1972,1422089,Billion Btu
KS,1971,1440207,Billion Btu
KS,1970,1495572,Billion Btu
KS,1969,1492823,Billion Btu
KS,1968,1474576,Billion Btu
KS,1967,1537933,Billion Btu
KS,1966,1537890,Billion Btu
KS,1965,1489608,Billion Btu
KS,1964,1470641,Billion Btu
KS,1963,1447469,Billion Btu
KS,1962,1417765,Billion Btu
KS,1961,1365016,Billion Btu
KS,1960,1361353,Billion Btu
KY,2016,1233997,Billion Btu
KY,2015,1686949,Billion Btu
KY,2014,2073071,Billion Btu
KY,2013,2141407,Billion Btu
KY,2012,2393370,Billion Btu
KY,2011,2843181,Billion Btu
KY,2010,2783526,Billion Btu
KY,2009,2823137,Billion Btu
KY,2008,3122644,Billion Btu
KY,2007,3044702,Billion Btu
KY,2006,3177481,Billion Btu
KY,2005,3153504,Billion Btu
KY,2004,3030285,Billion Btu
KY,2003,2983163,Billion Btu
KY,2002,3271820,Billion Btu
KY,2001,3484431,Billion Btu
KY,2000,3413501,Billion Btu
KY,1999,3640198,Billion Btu
KY,1998,3981427,Billion Btu
KY,1997,4092953,Billion Btu
KY,1996,4025990,Billion Btu
KY,1995,4067403,Billion Btu
KY,1994,4268627,Billion Btu
KY,1993,4132252,Billion Btu
KY,1992,4290981,Billion Btu
KY,1991,4229951,Billion Btu
KY,1990,4578093,Billion Btu
KY,1989,4402356,Billion Btu
KY,1988,4180227,Billion Btu
KY,1987,4321935,Billion Btu
KY,1986,4068325,Billion Btu
KY,1985,4032068,Billion Btu
KY,1984,4190723,Billion Btu
KY,1983,3453804,Billion Btu
KY,1982,3936506,Billion Btu
KY,1981,4125984,Billion Btu
KY,1980,3863917,Billion Btu
KY,1979,3820881,Billion Btu
KY,1978,3450459,Billion Btu
KY,1977,3684666,Billion Btu
KY,1976,3665986,Billion Btu
KY,1975,3620391,Billion Btu
KY,1974,3442197,Billion Btu
KY,1973,3247876,Billion Btu
KY,1972,3108431,Billion Btu
KY,1971,3077571,Billion Btu
KY,1970,3231391,Billion Btu
KY,1969,2817462,Billion Btu
KY,1968,2637782,Billion Btu
KY,1967,2634794,Billion Btu
KY,1966,2454266,Billion Btu
KY,1965,2288077,Billion Btu
KY,1964,2214547,Billion Btu
KY,1963,2072411,Billion Btu
KY,1962,1874012,Billion Btu
KY,1961,1730648,Billion Btu
KY,1960,1846570,Billion Btu
LA,2016,2555429,Billion Btu
LA,2015,2619416,Billion Btu
LA,2014,2835590,Billion Btu
LA,2013,3225029,Billion Btu
LA,2012,3790128,Billion Btu
LA,2011,3978121,Billion Btu
LA,2010,3178682,Billion Btu
LA,2009,2469342,Billion Btu
LA,2008,2313109,Billion Btu
LA,2007,2402980,Billion Btu
LA,2006,2387045,Billion Btu
LA,2005,2332825,Billion Btu
LA,2004,2515687,Billion Btu
LA,2003,2498574,Billion Btu
LA,2002,2574015,Billion Btu
LA,2001,2774100,Billion Btu
LA,2000,2759529,Billion Btu
LA,1999,2913609,Billion Btu
LA,1998,3024760,Billion Btu
LA,1997,3024352,Billion Btu
LA,1996,3054831,Billion Btu
LA,1995,3062479,Billion Btu
LA,1994,3033909,Billion Btu
LA,1993,3089280,Billion Btu
LA,1992,3053910,Billion Btu
LA,1991,3099145,Billion Btu
LA,1990,3143650,Billion Btu
LA,1989,3171721,Billion Btu
LA,1988,3288759,Billion Btu
LA,1987,3297149,Billion Btu
LA,1986,3384115,Billion Btu
LA,1985,3172800,Billion Btu
LA,1984,3544335,Billion Btu
LA,1983,3429087,Billion Btu
LA,1982,3794045,Billion Btu
LA,1981,4160589,Billion Btu
LA,1980,4411993,Billion Btu
LA,1979,4782427,Billion Btu
LA,1978,5323470,Billion Btu
LA,1977,5441636,Billion Btu
LA,1976,5714724,Billion Btu
LA,1975,6172438,Billion Btu
LA,1974,7236962,Billion Btu
LA,1973,8287738,Billion Btu
LA,1972,8628338,Billion Btu
LA,1971,9235651,Billion Btu
LA,1970,9368708,Billion Btu
LA,1969,9108344,Billion Btu
LA,1968,8663592,Billion Btu
LA,1967,8247624,Billion Btu
LA,1966,7417262,Billion Btu
LA,1965,6741181,Billion Btu
LA,1964,6415113,Billion Btu
LA,1963,6125002,Billion Btu
LA,1962,5698543,Billion Btu
LA,1961,5371980,Billion Btu
LA,1960,5071351,Billion Btu
ME,2016,134140,Billion Btu
ME,2015,147747,Billion Btu
ME,2014,157640,Billion Btu
ME,2013,161899,Billion Btu
ME,2012,156806,Billion Btu
ME,2011,159444,Billion Btu
ME,2010,156140,Billion Btu
ME,2009,148204,Billion Btu
ME,2008,182576,Billion Btu
ME,2007,155620,Billion Btu
ME,2006,152339,Billion Btu
ME,2005,159674,Billion Btu
ME,2004,136769,Billion Btu
ME,2003,132344,Billion Btu
ME,2002,140385,Billion Btu
ME,2001,146146,Billion Btu
ME,2000,163025,Billion Btu
ME,1999,159186,Billion Btu
ME,1998,151240,Billion Btu
ME,1997,161828,Billion Btu
ME,1996,220384,Billion Btu
ME,1995,162961,Billion Btu
ME,1994,226053,Billion Btu
ME,1993,218444,Billion Btu
ME,1992,215139,Billion Btu
ME,1991,222937,Billion Btu
ME,1990,203066,Billion Btu
ME,1989,227889,Billion Btu
ME,1988,171221,Billion Btu
ME,1987,158593,Billion Btu
ME,1986,188803,Billion Btu
ME,1985,192916,Billion Btu
ME,1984,194880,Billion Btu
ME,1983,202740,Billion Btu
ME,1982,177007,Billion Btu
ME,1981,187270,Billion Btu
ME,1980,169165,Billion Btu
ME,1979,125825,Billion Btu
ME,1978,133471,Billion Btu
ME,1977,128075,Billion Btu
ME,1976,135595,Billion Btu
ME,1975,110009,Billion Btu
ME,1974,104156,Billion Btu
ME,1973,101187,Billion Btu
ME,1972,60468,Billion Btu
ME,1971,55423,Billion Btu
ME,1970,59420,Billion Btu
ME,1969,61658,Billion Btu
ME,1968,59840,Billion Btu
ME,1967,58337,Billion Btu
ME,1966,55812,Billion Btu
ME,1965,51675,Billion Btu
ME,1964,55936,Billion Btu
ME,1963,58874,Billion Btu
ME,1962,55672,Billion Btu
ME,1961,56575,Billion Btu
ME,1960,59784,Billion Btu
MD,2016,243417,Billion Btu
MD,2015,249854,Billion Btu
MD,2014,249564,Billion Btu
MD,2013,248055,Billion Btu
MD,2012,244866,Billion Btu
MD,2011,272747,Billion Btu
MD,2010,251740,Billion Btu
MD,2009,254084,Billion Btu
MD,2008,263721,Billion Btu
MD,2007,245179,Billion Btu
MD,2006,312135,Billion Btu
MD,2005,323805,Billion Btu
MD,2004,334633,Billion Btu
MD,2003,321479,Billion Btu
MD,2002,290409,Billion Btu
MD,2001,287582,Billion Btu
MD,2000,308712,Billion Btu
MD,1999,284199,Billion Btu
MD,1998,292575,Billion Btu
MD,1997,295315,Billion Btu
MD,1996,296228,Billion Btu
MD,1995,281907,Billion Btu
MD,1994,263335,Billion Btu
MD,1993,263240,Billion Btu
MD,1992,242324,Billion Btu
MD,1991,231863,Billion Btu
MD,1990,151816,Billion Btu
MD,1989,168772,Billion Btu
MD,1988,252736,Billion Btu
MD,1987,252004,Billion Btu
MD,1986,288028,Billion Btu
MD,1985,235288,Billion Btu
MD,1984,287066,Billion Btu
MD,1983,258561,Billion Btu
MD,1982,260009,Billion Btu
MD,1981,279835,Billion Btu
MD,1980,254802,Billion Btu
MD,1979,233867,Billion Btu
MD,1978,237373,Billion Btu
MD,1977,247182,Billion Btu
MD,1976,192894,Billion Btu
MD,1975,163326,Billion Btu
MD,1974,103837,Billion Btu
MD,1973,95857,Billion Btu
MD,1972,97878,Billion Btu
MD,1971,91095,Billion Btu
MD,1970,93491,Billion Btu
MD,1969,81141,Billion Btu
MD,1968,85262,Billion Btu
MD,1967,83166,Billion Btu
MD,1966,73745,Billion Btu
MD,1965,70063,Billion Btu
MD,1964,67606,Billion Btu
MD,1963,66539,Billion Btu
MD,1962,59310,Billion Btu
MD,1961,58541,Billion Btu
MD,1960,61535,Billion Btu
MA,2016,120960,Billion Btu
MA,2015,113254,Billion Btu
MA,2014,122703,Billion Btu
MA,2013,102426,Billion Btu
MA,2012,110901,Billion Btu
MA,2011,104782,Billion Btu
MA,2010,110440,Billion Btu
MA,2009,105763,Billion Btu
MA,2008,104072,Billion Btu
MA,2007,91938,Billion Btu
MA,2006,106387,Billion Btu
MA,2005,97933,Billion Btu
MA,2004,112998,Billion Btu
MA,2003,102218,Billion Btu
MA,2002,106959,Billion Btu
MA,2001,101717,Billion Btu
MA,2000,126949,Billion Btu
MA,1999,112385,Billion Btu
MA,1998,126195,Billion Btu
MA,1997,117549,Billion Btu
MA,1996,134355,Billion Btu
MA,1995,119680,Billion Btu
MA,1994,113806,Billion Btu
MA,1993,115323,Billion Btu
MA,1992,118086,Billion Btu
MA,1991,112886,Billion Btu
MA,1990,118909,Billion Btu
MA,1989,98739,Billion Btu
MA,1988,73676,Billion Btu
MA,1987,72141,Billion Btu
MA,1986,95246,Billion Btu
MA,1985,130594,Billion Btu
MA,1984,76253,Billion Btu
MA,1983,144711,Billion Btu
MA,1982,112852,Billion Btu
MA,1981,120930,Billion Btu
MA,1980,107750,Billion Btu
MA,1979,140410,Billion Btu
MA,1978,128621,Billion Btu
MA,1977,102928,Billion Btu
MA,1976,100977,Billion Btu
MA,1975,94961,Billion Btu
MA,1974,89155,Billion Btu
MA,1973,112330,Billion Btu
MA,1972,75482,Billion Btu
MA,1971,76801,Billion Btu
MA,1970,78316,Billion Btu
MA,1969,77225,Billion Btu
MA,1968,75857,Billion Btu
MA,1967,72890,Billion Btu
MA,1966,70690,Billion Btu
MA,1965,67043,Billion Btu
MA,1964,68314,Billion Btu
MA,1963,63943,Billion Btu
MA,1962,61608,Billion Btu
MA,1961,62700,Billion Btu
MA,1960,53748,Billion Btu
MI,2016,663773,Billion Btu
MI,2015,655427,Billion Btu
MI,2014,692228,Billion Btu
MI,2013,665162,Billion Btu
MI,2012,632683,Billion Btu
MI,2011,687844,Billion Btu
MI,2010,631304,Billion Btu
MI,2009,556222,Billion Btu
MI,2008,673140,Billion Btu
MI,2007,770819,Billion Btu
MI,2006,726575,Billion Btu
MI,2005,763789,Billion Btu
MI,2004,734192,Billion Btu
MI,2003,681528,Billion Btu
MI,2002,741868,Billion Btu
MI,2001,704652,Billion Btu
MI,2000,665306,Billion Btu
MI,1999,598117,Billion Btu
MI,1998,582547,Billion Btu
MI,1997,723072,Billion Btu
MI,1996,726927,Billion Btu
MI,1995,682321,Billion Btu
MI,1994,559932,Billion Btu
MI,1993,701877,Billion Btu
MI,1992,609570,Billion Btu
MI,1991,705109,Billion Btu
MI,1990,632366,Billion Btu
MI,1989,640958,Billion Btu
MI,1988,610778,Billion Btu
MI,1987,581418,Billion Btu
MI,1986,541392,Billion Btu
MI,1985,564468,Billion Btu
MI,1984,608164,Billion Btu
MI,1983,644030,Billion Btu
MI,1982,636041,Billion Btu
MI,1981,666593,Billion Btu
MI,1980,661692,Billion Btu
MI,1979,627854,Billion Btu
MI,1978,581905,Billion Btu
MI,1977,505196,Billion Btu
MI,1976,469234,Billion Btu
MI,1975,376029,Billion Btu
MI,1974,232513,Billion Btu
MI,1973,212117,Billion Btu
MI,1972,192479,Billion Btu
MI,1971,156607,Billion Btu
MI,1970,169385,Billion Btu
MI,1969,172043,Billion Btu
MI,1968,181329,Billion Btu
MI,1967,178890,Billion Btu
MI,1966,181483,Billion Btu
MI,1965,181788,Billion Btu
MI,1964,180592,Billion Btu
MI,1963,181944,Billion Btu
MI,1962,185195,Billion Btu
MI,1961,195592,Billion Btu
MI,1960,174400,Billion Btu
MN,2016,483350,Billion Btu
MN,2015,457277,Billion Btu
MN,2014,471362,Billion Btu
MN,2013,411425,Billion Btu
MN,2012,426849,Billion Btu
MN,2011,429380,Billion Btu
MN,2010,432932,Billion Btu
MN,2009,388201,Billion Btu
MN,2008,350936,Billion Btu
MN,2007,316669,Billion Btu
MN,2006,294737,Billion Btu
MN,2005,274338,Billion Btu
MN,2004,264134,Billion Btu
MN,2003,253551,Billion Btu
MN,2002,250113,Billion Btu
MN,2001,232063,Billion Btu
MN,2000,238587,Billion Btu
MN,1999,234564,Billion Btu
MN,1998,202676,Billion Btu
MN,1997,197048,Billion Btu
MN,1996,207547,Billion Btu
MN,1995,215245,Billion Btu
MN,1994,199866,Billion Btu
MN,1993,196006,Billion Btu
MN,1992,186426,Billion Btu
MN,1991,189670,Billion Btu
MN,1990,188338,Billion Btu
MN,1989,179176,Billion Btu
MN,1988,190489,Billion Btu
MN,1987,179556,Billion Btu
MN,1986,180757,Billion Btu
MN,1985,189395,Billion Btu
MN,1984,156306,Billion Btu
MN,1983,190814,Billion Btu
MN,1982,171841,Billion Btu
MN,1981,168952,Billion Btu
MN,1980,164168,Billion Btu
MN,1979,179093,Billion Btu
MN,1978,177059,Billion Btu
MN,1977,156936,Billion Btu
MN,1976,145114,Billion Btu
MN,1975,144321,Billion Btu
MN,1974,84593,Billion Btu
MN,1973,72106,Billion Btu
MN,1972,74100,Billion Btu
MN,1971,48874,Billion Btu
MN,1970,32822,Billion Btu
MN,1969,34190,Billion Btu
MN,1968,33994,Billion Btu
MN,1967,34010,Billion Btu
MN,1966,36529,Billion Btu
MN,1965,36480,Billion Btu
MN,1964,33879,Billion Btu
MN,1963,32337,Billion Btu
MN,1962,34382,Billion Btu
MN,1961,32478,Billion Btu
MN,1960,34957,Billion Btu
MS,2016,332475,Billion Btu
MS,2015,422831,Billion Btu
MS,2014,405162,Billion Btu
MS,2013,412491,Billion Btu
MS,2012,391823,Billion Btu
MS,2011,442987,Billion Btu
MS,2010,450335,Billion Btu
MS,2009,456178,Billion Btu
MS,2008,418208,Billion Btu
MS,2007,413953,Billion Btu
MS,2006,396742,Billion Btu
MS,2005,385054,Billion Btu
MS,2004,404122,Billion Btu
MS,2003,466447,Billion Btu
MS,2002,437014,Billion Btu
MS,2001,416006,Billion Btu
MS,2000,421659,Billion Btu
MS,1999,381140,Billion Btu
MS,1998,402186,Billion Btu
MS,1997,431194,Billion Btu
MS,1996,402694,Billion Btu
MS,1995,392507,Billion Btu
MS,1994,378323,Billion Btu
MS,1993,389822,Billion Btu
MS,1992,419161,Billion Btu
MS,1991,454220,Billion Btu
MS,1990,418712,Billion Btu
MS,1989,424531,Billion Btu
MS,1988,436387,Billion Btu
MS,1987,431993,Billion Btu
MS,1986,411534,Billion Btu
MS,1985,423612,Billion Btu
MS,1984,406037,Billion Btu
MS,1983,383872,Billion Btu
MS,1982,409729,Billion Btu
MS,1981,426758,Billion Btu
MS,1980,427571,Billion Btu
MS,1979,403610,Billion Btu
MS,1978,390911,Billion Btu
MS,1977,371417,Billion Btu
MS,1976,375274,Billion Btu
MS,1975,378491,Billion Btu
MS,1974,407696,Billion Btu
MS,1973,461208,Billion Btu
MS,1972,495315,Billion Btu
MS,1971,528415,Billion Btu
MS,1970,542581,Billion Btu
MS,1969,544237,Billion Btu
MS,1968,516724,Billion Btu
MS,1967,511113,Billion Btu
MS,1966,521412,Billion Btu
MS,1965,537504,Billion Btu
MS,1964,556844,Billion Btu
MS,1963,563432,Billion Btu
MS,1962,545284,Billion Btu
MS,1961,542566,Billion Btu
MS,1960,526044,Billion Btu
MO,2016,190279,Billion Btu
MO,2015,205170,Billion Btu
MO,2014,199510,Billion Btu
MO,2013,191711,Billion Btu
MO,2012,203199,Billion Btu
MO,2011,197885,Billion Btu
MO,2010,199980,Billion Btu
MO,2009,211099,Billion Btu
MO,2008,185704,Billion Btu
MO,2007,164647,Billion Btu
MO,2006,157085,Billion Btu
MO,2005,149612,Billion Btu
MO,2004,135395,Billion Btu
MO,2003,144576,Billion Btu
MO,2002,128691,Billion Btu
MO,2001,129033,Billion Btu
MO,2000,135904,Billion Btu
MO,1999,131382,Billion Btu
MO,1998,135540,Billion Btu
MO,1997,134144,Billion Btu
MO,1996,140546,Billion Btu
MO,1995,136093,Billion Btu
MO,1994,160243,Billion Btu
MO,1993,152953,Billion Btu
MO,1992,181313,Billion Btu
MO,1991,184541,Billion Btu
MO,1990,182406,Billion Btu
MO,1989,196194,Billion Btu
MO,1988,226732,Billion Btu
MO,1987,195604,Billion Btu
MO,1986,222511,Billion Btu
MO,1985,263026,Billion Btu
MO,1984,196579,Billion Btu
MO,1983,147337,Billion Btu
MO,1982,154537,Billion Btu
MO,1981,130685,Billion Btu
MO,1980,140305,Billion Btu
MO,1979,183840,Billion Btu
MO,1978,161424,Billion Btu
MO,1977,163233,Billion Btu
MO,1976,156456,Billion Btu
MO,1975,147975,Billion Btu
MO,1974,133820,Billion Btu
MO,1973,134779,Billion Btu
MO,1972,125813,Billion Btu
MO,1971,116039,Billion Btu
MO,1970,127720,Billion Btu
MO,1969,109822,Billion Btu
MO,1968,107156,Billion Btu
MO,1967,110162,Billion Btu
MO,1966,109212,Billion Btu
MO,1965,111172,Billion Btu
MO,1964,100407,Billion Btu
MO,1963,100752,Billion Btu
MO,1962,101804,Billion Btu
MO,1961,107617,Billion Btu
MO,1960,102979,Billion Btu
MT,2016,875177,Billion Btu
MT,2015,1081301,Billion Btu
MT,2014,1161544,Billion Btu
MT,2013,1105650,Billion Btu
MT,2012,1009018,Billion Btu
MT,2011,1104428,Billion Btu
MT,2010,1148850,Billion Btu
MT,2009,1081016,Billion Btu
MT,2008,1217402,Billion Btu
MT,2007,1219593,Billion Btu
MT,2006,1204723,Billion Btu
MT,2005,1145086,Billion Btu
MT,2004,1066749,Billion Btu
MT,2003,967918,Billion Btu
MT,2002,972060,Billion Btu
MT,2001,965030,Billion Btu
MT,2000,972200,Billion Btu
MT,1999,1048886,Billion Btu
MT,1998,1056758,Billion Btu
MT,1997,1038163,Billion Btu
MT,1996,993508,Billion Btu
MT,1995,989205,Billion Btu
MT,1994,995632,Billion Btu
MT,1993,916268,Billion Btu
MT,1992,963834,Billion Btu
MT,1991,999769,Billion Btu
MT,1990,970535,Billion Btu
MT,1989,964517,Billion Btu
MT,1988,988124,Billion Btu
MT,1987,923408,Billion Btu
MT,1986,949539,Billion Btu
MT,1985,946268,Billion Btu
MT,1984,948816,Billion Btu
MT,1983,883936,Billion Btu
MT,1982,865152,Billion Btu
MT,1981,974493,Billion Btu
MT,1980,876240,Billion Btu
MT,1979,933999,Billion Btu
MT,1978,832732,Billion Btu
MT,1977,823086,Billion Btu
MT,1976,842103,Billion Btu
MT,1975,742703,Billion Btu
MT,1974,620795,Billion Btu
MT,1973,537131,Billion Btu
MT,1972,483883,Billion Btu
MT,1971,469208,Billion Btu
MT,1970,429097,Billion Btu
MT,1969,427227,Billion Btu
MT,1968,413358,Billion Btu
MT,1967,337515,Billion Btu
MT,1966,338565,Billion Btu
MT,1965,324676,Billion Btu
MT,1964,292485,Billion Btu
MT,1963,290384,Billion Btu
MT,1962,299975,Billion Btu
MT,1961,301703,Billion Btu
MT,1960,289631,Billion Btu
NE,2016,434332,Billion Btu
NE,2015,435918,Billion Btu
NE,2014,412224,Billion Btu
NE,2013,370598,Billion Btu
NE,2012,357381,Billion Btu
NE,2011,390854,Billion Btu
NE,2010,399893,Billion Btu
NE,2009,293256,Billion Btu
NE,2008,292823,Billion Btu
NE,2007,260719,Billion Btu
NE,2006,211636,Billion Btu
NE,2005,201838,Billion Btu
NE,2004,214447,Billion Btu
NE,2003,174732,Billion Btu
NE,2002,193440,Billion Btu
NE,2001,179455,Billion Btu
NE,2000,175822,Billion Btu
NE,1999,190064,Billion Btu
NE,1998,171329,Billion Btu
NE,1997,180676,Billion Btu
NE,1996,175084,Billion Btu
NE,1995,149767,Billion Btu
NE,1994,122992,Billion Btu
NE,1993,124099,Billion Btu
NE,1992,144130,Billion Btu
NE,1991,136603,Billion Btu
NE,1990,132716,Billion Btu
NE,1989,142876,Billion Btu
NE,1988,129821,Billion Btu
NE,1987,150136,Billion Btu
NE,1986,149583,Billion Btu
NE,1985,110040,Billion Btu
NE,1984,123807,Billion Btu
NE,1983,125653,Billion Btu
NE,1982,158255,Billion Btu
NE,1981,125310,Billion Btu
NE,1980,121796,Billion Btu
NE,1979,149663,Billion Btu
NE,1978,137769,Billion Btu
NE,1977,134171,Billion Btu
NE,1976,119514,Billion Btu
NE,1975,119135,Billion Btu
NE,1974,102452,Billion Btu
NE,1973,70136,Billion Btu
NE,1972,71805,Billion Btu
NE,1971,78821,Billion Btu
NE,1970,89355,Billion Btu
NE,1969,92900,Billion Btu
NE,1968,100658,Billion Btu
NE,1967,101303,Billion Btu
NE,1966,106179,Billion Btu
NE,1965,125858,Billion Btu
NE,1964,137751,Billion Btu
NE,1963,156016,Billion Btu
NE,1962,174716,Billion Btu
NE,1961,172537,Billion Btu
NE,1960,169409,Billion Btu
NV,2016,89544,Billion Btu
NV,2015,76598,Billion Btu
NV,2014,69333,Billion Btu
NV,2013,68462,Billion Btu
NV,2012,58604,Billion Btu
NV,2011,52314,Billion Btu
NV,2010,51023,Billion Btu
NV,2009,49245,Billion Btu
NV,2008,40375,Billion Btu
NV,2007,40055,Billion Btu
NV,2006,40789,Billion Btu
NV,2005,37072,Billion Btu
NV,2004,37012,Billion Btu
NV,2003,36444,Billion Btu
NV,2002,42635,Billion Btu
NV,2001,46736,Billion Btu
NV,2000,48346,Billion Btu
NV,1999,53083,Billion Btu
NV,1998,57757,Billion Btu
NV,1997,53973,Billion Btu
NV,1996,49257,Billion Btu
NV,1995,48123,Billion Btu
NV,1994,48955,Billion Btu
NV,1993,51512,Billion Btu
NV,1992,58440,Billion Btu
NV,1991,58811,Billion Btu
NV,1990,52932,Billion Btu
NV,1989,48889,Billion Btu
NV,1988,42653,Billion Btu
NV,1987,46549,Billion Btu
NV,1986,68958,Billion Btu
NV,1985,67608,Billion Btu
NV,1984,74118,Billion Btu
NV,1983,51890,Billion Btu
NV,1982,22265,Billion Btu
NV,1981,25854,Billion Btu
NV,1980,32507,Billion Btu
NV,1979,26967,Billion Btu
NV,1978,25685,Billion Btu
NV,1977,22215,Billion Btu
NV,1976,18287,Billion Btu
NV,1975,19494,Billion Btu
NV,1974,18511,Billion Btu
NV,1973,18913,Billion Btu
NV,1972,17854,Billion Btu
NV,1971,19307,Billion Btu
NV,1970,19186,Billion Btu
NV,1969,20064,Billion Btu
NV,1968,20714,Billion Btu
NV,1967,20603,Billion Btu
NV,1966,21412,Billion Btu
NV,1965,18756,Billion Btu
NV,1964,19321,Billion Btu
NV,1963,20488,Billion Btu
NV,1962,22551,Billion Btu
NV,1961,20439,Billion Btu
NV,1960,22267,Billion Btu
NH,2016,163478,Billion Btu
NH,2015,152673,Billion Btu
NH,2014,161839,Billion Btu
NH,2013,167007,Billion Btu
NH,2012,129990,Billion Btu
NH,2011,132424,Billion Btu
NH,2010,157531,Billion Btu
NH,2009,137581,Billion Btu
NH,2008,137613,Billion Btu
NH,2007,147707,Billion Btu
NH,2006,131170,Billion Btu
NH,2005,139970,Billion Btu
NH,2004,141054,Billion Btu
NH,2003,126527,Billion Btu
NH,2002,125950,Billion Btu
NH,2001,120964,Billion Btu
NH,2000,121237,Billion Btu
NH,1999,129573,Billion Btu
NH,1998,128574,Billion Btu
NH,1997,126018,Billion Btu
NH,1996,151032,Billion Btu
NH,1995,127522,Billion Btu
NH,1994,105198,Billion Btu
NH,1993,137475,Billion Btu
NH,1992,124603,Billion Btu
NH,1991,112058,Billion Btu
NH,1990,90006,Billion Btu
NH,1989,40566,Billion Btu
NH,1988,36549,Billion Btu
NH,1987,34985,Billion Btu
NH,1986,38742,Billion Btu
NH,1985,33807,Billion Btu
NH,1984,35004,Billion Btu
NH,1983,38209,Billion Btu
NH,1982,33759,Billion Btu
NH,1981,36067,Billion Btu
NH,1980,32382,Billion Btu
NH,1979,33548,Billion Btu
NH,1978,31004,Billion Btu
NH,1977,31271,Billion Btu
NH,1976,31050,Billion Btu
NH,1975,25853,Billion Btu
NH,1974,28694,Billion Btu
NH,1973,30671,Billion Btu
NH,1972,26131,Billion Btu
NH,1971,24733,Billion Btu
NH,1970,25321,Billion Btu
NH,1969,27816,Billion Btu
NH,1968,25155,Billion Btu
NH,1967,24089,Billion Btu
NH,1966,24343,Billion Btu
NH,1965,22019,Billion Btu
NH,1964,23707,Billion Btu
NH,1963,24450,Billion Btu
NH,1962,25119,Billion Btu
NH,1961,23327,Billion Btu
NH,1960,25629,Billion Btu
NJ,2016,363924,Billion Btu
NJ,2015,399260,Billion Btu
NJ,2014,383791,Billion Btu
NJ,2013,398511,Billion Btu
NJ,2012,389755,Billion Btu
NJ,2011,388669,Billion Btu
NJ,2010,377491,Billion Btu
NJ,2009,392825,Billion Btu
NJ,2008,359639,Billion Btu
NJ,2007,356147,Billion Btu
NJ,2006,361581,Billion Btu
NJ,2005,347235,Billion Btu
NJ,2004,309496,Billion Btu
NJ,2003,336341,Billion Btu
NJ,2002,350995,Billion Btu
NJ,2001,347245,Billion Btu
NJ,2000,338360,Billion Btu
NJ,1999,342637,Billion Btu
NJ,1998,323494,Billion Btu
NJ,1997,185268,Billion Btu
NJ,1996,157081,Billion Btu
NJ,1995,219819,Billion Btu
NJ,1994,272752,Billion Btu
NJ,1993,298892,Billion Btu
NJ,1992,264740,Billion Btu
NJ,1991,296061,Billion Btu
NJ,1990,277677,Billion Btu
NJ,1989,278623,Billion Btu
NJ,1988,295141,Billion Btu
NJ,1987,275599,Billion Btu
NJ,1986,197788,Billion Btu
NJ,1985,238434,Billion Btu
NJ,1984,109641,Billion Btu
NJ,1983,129314,Billion Btu
NJ,1982,204666,Billion Btu
NJ,1981,183186,Billion Btu
NJ,1980,131576,Billion Btu
NJ,1979,115019,Billion Btu
NJ,1978,131035,Billion Btu
NJ,1977,113451,Billion Btu
NJ,1976,77679,Billion Btu
NJ,1975,65594,Billion Btu
NJ,1974,74097,Billion Btu
NJ,1973,69377,Billion Btu
NJ,1972,76562,Billion Btu
NJ,1971,68077,Billion Btu
NJ,1970,63823,Billion Btu
NJ,1969,26536,Billion Btu
NJ,1968,24678,Billion Btu
NJ,1967,23695,Billion Btu
NJ,1966,23570,Billion Btu
NJ,1965,23693,Billion Btu
NJ,1964,23947,Billion Btu
NJ,1963,23397,Billion Btu
NJ,1962,21199,Billion Btu
NJ,1961,20749,Billion Btu
NJ,1960,20514,Billion Btu
NM,2016,2582214,Billion Btu
NM,2015,2678832,Billion Btu
NM,2014,2569753,Billion Btu
NM,2013,2373946,Billion Btu
NM,2012,2317287,Billion Btu
NM,2011,2261687,Billion Btu
NM,2010,2256233,Billion Btu
NM,2009,2409618,Billion Btu
NM,2008,2476942,Billion Btu
NM,2007,2530814,Billion Btu
NM,2006,2648709,Billion Btu
NM,2005,2751872,Billion Btu
NM,2004,2734986,Billion Btu
NM,2003,2695965,Billion Btu
NM,2002,2716948,Billion Btu
NM,2001,2780034,Billion Btu
NM,2000,2728279,Billion Btu
NM,1999,2576111,Billion Btu
NM,1998,2596608,Billion Btu
NM,1997,2668877,Billion Btu
NM,1996,2597950,Billion Btu
NM,1995,2685736,Billion Btu
NM,1994,2626293,Billion Btu
NM,1993,2538806,Billion Btu
NM,1992,2311732,Billion Btu
NM,1991,2011411,Billion Btu
NM,1990,1978597,Billion Btu
NM,1989,1847886,Billion Btu
NM,1988,1778149,Billion Btu
NM,1987,1775059,Billion Btu
NM,1986,1694065,Billion Btu
NM,1985,1950514,Billion Btu
NM,1984,1973081,Billion Btu
NM,1983,1854975,Billion Btu
NM,1982,1939668,Billion Btu
NM,1981,2085102,Billion Btu
NM,1980,2117463,Billion Btu
NM,1979,2142099,Billion Btu
NM,1978,2083557,Billion Btu
NM,1977,2102230,Billion Btu
NM,1976,2121712,Billion Btu
NM,1975,2105374,Billion Btu
NM,1974,2164195,Billion Btu
NM,1973,2153300,Billion Btu
NM,1972,2214920,Billion Btu
NM,1971,2205841,Billion Btu
NM,1970,2208470,Billion Btu
NM,1969,2159609,Billion Btu
NM,1968,2166443,Billion Btu
NM,1967,2040912,Billion Btu
NM,1966,1936081,Billion Btu
NM,1965,1844925,Billion Btu
NM,1964,1741976,Billion Btu
NM,1963,1618611,Billion Btu
NM,1962,1587290,Billion Btu
NM,1961,1583834,Billion Btu
NM,1960,1562831,Billion Btu
NY,2016,846027,Billion Btu
NY,2015,875508,Billion Btu
NY,2014,874567,Billion Btu
NY,2013,876344,Billion Btu
NY,2012,820076,Billion Btu
NY,2011,882177,Billion Btu
NY,2010,839439,Billion Btu
NY,2009,872414,Billion Btu
NY,2008,904367,Billion Btu
NY,2007,867426,Billion Btu
NY,2006,878195,Billion Btu
NY,2005,866207,Billion Btu
NY,2004,830908,Billion Btu
NY,2003,819272,Billion Btu
NY,2002,816259,Billion Btu
NY,2001,802148,Billion Btu
NY,2000,777274,Billion Btu
NY,1999,823741,Billion Btu
NY,1998,805749,Billion Btu
NY,1997,819671,Billion Btu
NY,1996,829662,Billion Btu
NY,1995,688658,Billion Btu
NY,1994,737535,Billion Btu
NY,1993,727483,Billion Btu
NY,1992,674567,Billion Btu
NY,1991,703195,Billion Btu
NY,1990,669113,Billion Btu
NY,1989,644729,Billion Btu
NY,1988,649352,Billion Btu
NY,1987,670002,Billion Btu
NY,1986,698546,Billion Btu
NY,1985,710139,Billion Btu
NY,1984,670047,Billion Btu
NY,1983,637603,Billion Btu
NY,1982,578391,Billion Btu
NY,1981,627581,Billion Btu
NY,1980,635743,Billion Btu
NY,1979,590397,Billion Btu
NY,1978,611301,Billion Btu
NY,1977,579470,Billion Btu
NY,1976,555822,Billion Btu
NY,1975,512104,Billion Btu
NY,1974,476780,Billion Btu
NY,1973,453762,Billion Btu
NY,1972,427421,Billion Btu
NY,1971,406058,Billion Btu
NY,1970,382753,Billion Btu
NY,1969,365937,Billion Btu
NY,1968,346053,Billion Btu
NY,1967,330339,Billion Btu
NY,1966,310674,Billion Btu
NY,1965,284204,Billion Btu
NY,1964,266024,Billion Btu
NY,1963,280859,Billion Btu
NY,1962,292252,Billion Btu
NY,1961,266311,Billion Btu
NY,1960,204924,Billion Btu
NC,2016,648808,Billion Btu
NC,2015,615385,Billion Btu
NC,2014,602124,Billion Btu
NC,2013,612428,Billion Btu
NC,2012,564889,Billion Btu
NC,2011,577189,Billion Btu
NC,2010,579748,Billion Btu
NC,2009,575724,Billion Btu
NC,2008,558443,Billion Btu
NC,2007,532719,Billion Btu
NC,2006,553642,Billion Btu
NC,2005,562525,Billion Btu
NC,2004,557860,Billion Btu
NC,2003,607883,Billion Btu
NC,2002,539009,Billion Btu
NC,2001,521833,Billion Btu
NC,2000,544289,Billion Btu
NC,1999,531852,Billion Btu
NC,1998,566450,Billion Btu
NC,1997,505382,Billion Btu
NC,1996,525514,Billion Btu
NC,1995,546020,Billion Btu
NC,1994,524887,Billion Btu
NC,1993,406871,Billion Btu
NC,1992,397954,Billion Btu
NC,1991,455078,Billion Btu
NC,1990,442851,Billion Btu
NC,1989,476814,Billion Btu
NC,1988,424322,Billion Btu
NC,1987,433531,Billion Btu
NC,1986,328722,Billion Btu
NC,1985,341806,Billion Btu
NC,1984,379256,Billion Btu
NC,1983,284453,Billion Btu
NC,1982,244359,Billion Btu
NC,1981,177049,Billion Btu
NC,1980,198907,Billion Btu
NC,1979,265719,Billion Btu
NC,1978,267673,Billion Btu
NC,1977,207562,Billion Btu
NC,1976,164716,Billion Btu
NC,1975,155305,Billion Btu
NC,1974,139607,Billion Btu
NC,1973,142789,Billion Btu
NC,1972,135756,Billion Btu
NC,1971,128148,Billion Btu
NC,1970,111796,Billion Btu
NC,1969,119495,Billion Btu
NC,1968,117146,Billion Btu
NC,1967,118616,Billion Btu
NC,1966,114335,Billion Btu
NC,1965,123608,Billion Btu
NC,1964,131745,Billion Btu
NC,1963,116481,Billion Btu
NC,1962,127402,Billion Btu
NC,1961,120692,Billion Btu
NC,1960,127507,Billion Btu
ND,2016,3497535,Billion Btu
ND,2015,3673475,Billion Btu
ND,2014,3254422,Billion Btu
ND,2013,2623151,Billion Btu
ND,2012,2130164,Billion Btu
ND,2011,1514901,Billion Btu
ND,2010,1250694,Billion Btu
ND,2009,1014552,Billion Btu
ND,2008,870666,Billion Btu
ND,2007,762360,Billion Btu
ND,2006,724485,Billion Btu
ND,2005,690673,Billion Btu
ND,2004,667906,Billion Btu
ND,2003,667147,Billion Btu
ND,2002,672993,Billion Btu
ND,2001,671200,Billion Btu
ND,2000,690675,Billion Btu
ND,1999,696137,Billion Btu
ND,1998,692380,Billion Btu
ND,1997,700136,Billion Btu
ND,1996,678795,Billion Btu
ND,1995,658491,Billion Btu
ND,1994,679015,Billion Btu
ND,1993,690824,Billion Btu
ND,1992,695583,Billion Btu
ND,1991,686679,Billion Btu
ND,1990,689480,Billion Btu
ND,1989,690983,Billion Btu
ND,1988,717477,Billion Btu
ND,1987,675146,Billion Btu
ND,1986,700556,Billion Btu
ND,1985,767776,Billion Btu
ND,1984,710775,Billion Btu
ND,1983,660892,Billion Btu
ND,1982,606712,Billion Btu
ND,1981,582403,Billion Btu
ND,1980,538818,Billion Btu
ND,1979,432307,Billion Btu
ND,1978,395151,Billion Btu
ND,1977,347508,Billion Btu
ND,1976,341524,Billion Btu
ND,1975,294273,Billion Btu
ND,1974,280165,Billion Btu
ND,1973,270552,Billion Btu
ND,1972,279099,Billion Btu
ND,1971,281767,Billion Btu
ND,1970,276052,Billion Btu
ND,1969,267375,Billion Btu
ND,1968,282879,Billion Btu
ND,1967,282336,Billion Btu
ND,1966,283817,Billion Btu
ND,1965,260710,Billion Btu
ND,1964,248232,Billion Btu
ND,1963,234514,Billion Btu
ND,1962,228115,Billion Btu
ND,1961,214048,Billion Btu
ND,1960,197457,Billion Btu
OH,2016,2410570,Billion Btu
OH,2015,2075992,Billion Btu
OH,2014,1549972,Billion Btu
OH,2013,1152338,Billion Btu
OH,2012,1070577,Billion Btu
OH,2011,1071032,Billion Btu
OH,2010,1036459,Billion Btu
OH,2009,1044810,Billion Btu
OH,2008,1045923,Billion Btu
OH,2007,898873,Billion Btu
OH,2006,910333,Billion Btu
OH,2005,935378,Billion Btu
OH,2004,914363,Billion Btu
OH,2003,805667,Billion Btu
OH,2002,799356,Billion Btu
OH,2001,951073,Billion Btu
OH,2000,930384,Billion Btu
OH,1999,925533,Billion Btu
OH,1998,1057206,Billion Btu
OH,1997,1095988,Billion Btu
OH,1996,1072326,Billion Btu
OH,1995,1048594,Billion Btu
OH,1994,1094230,Billion Btu
OH,1993,1035810,Billion Btu
OH,1992,1155351,Billion Btu
OH,1991,1163958,Billion Btu
OH,1990,1232801,Billion Btu
OH,1989,1254402,Billion Btu
OH,1988,1257327,Billion Btu
OH,1987,1285494,Billion Btu
OH,1986,1241913,Billion Btu
OH,1985,1259635,Billion Btu
OH,1984,1372227,Billion Btu
OH,1983,1218392,Billion Btu
OH,1982,1220791,Billion Btu
OH,1981,1234539,Billion Btu
OH,1980,1227811,Billion Btu
OH,1979,1278865,Billion Btu
OH,1978,1195158,Billion Btu
OH,1977,1283144,Billion Btu
OH,1976,1228613,Billion Btu
OH,1975,1208179,Billion Btu
OH,1974,1192547,Billion Btu
OH,1973,1225255,Billion Btu
OH,1972,1386992,Billion Btu
OH,1971,1379916,Billion Btu
OH,1970,1453233,Billion Btu
OH,1969,1361204,Billion Btu
OH,1968,1285783,Billion Btu
OH,1967,1219004,Billion Btu
OH,1966,1165689,Billion Btu
OH,1965,1074454,Billion Btu
OH,1964,1043677,Billion Btu
OH,1963,973973,Billion Btu
OH,1962,909007,Billion Btu
OH,1961,862418,Billion Btu
OH,1960,901866,Billion Btu
OK,2016,4004641,Billion Btu
OK,2015,4023984,Billion Btu
OK,2014,3703340,Billion Btu
OK,2013,3166872,Billion Btu
OK,2012,2996505,Billion Btu
OK,2011,2716285,Billion Btu
OK,2010,2578993,Billion Btu
OK,2009,2605676,Billion Btu
OK,2008,2599173,Billion Btu
OK,2007,2458990,Billion Btu
OK,2006,2352428,Billion Btu
OK,2005,2286466,Billion Btu
OK,2004,2319063,Billion Btu
OK,2003,2183881,Billion Btu
OK,2002,2221272,Billion Btu
OK,2001,2295579,Billion Btu
OK,2000,2279890,Billion Btu
OK,1999,2281805,Billion Btu
OK,1998,2388864,Billion Btu
OK,1997,2456333,Billion Btu
OK,1996,2528380,Billion Btu
OK,1995,2614763,Billion Btu
OK,1994,2784723,Billion Btu
OK,1993,2943309,Billion Btu
OK,1992,2929503,Billion Btu
OK,1991,3089315,Billion Btu
OK,1990,3230219,Billion Btu
OK,1989,3238292,Billion Btu
OK,1988,3265950,Billion Btu
OK,1987,3211304,Billion Btu
OK,1986,3183575,Billion Btu
OK,1985,3297430,Billion Btu
OK,1984,3385790,Billion Btu
OK,1983,3052993,Billion Btu
OK,1982,3254565,Billion Btu
OK,1981,3289613,Billion Btu
OK,1980,3103547,Billion Btu
OK,1979,3004732,Billion Btu
OK,1978,2970256,Billion Btu
OK,1977,2993830,Billion Btu
OK,1976,2893518,Billion Btu
OK,1975,2788583,Billion Btu
OK,1974,2936169,Billion Btu
OK,1973,3131399,Billion Btu
OK,1972,3263953,Billion Btu
OK,1971,3153802,Billion Btu
OK,1970,3125228,Billion Btu
OK,1969,3044300,Billion Btu
OK,1968,2870055,Billion Btu
OK,1967,2920010,Billion Btu
OK,1966,2817147,Billion Btu
OK,1965,2666433,Billion Btu
OK,1964,2660244,Billion Btu
OK,1963,2557794,Billion Btu
OK,1962,2379788,Billion Btu
OK,1961,2143063,Billion Btu
OK,1960,2072617,Billion Btu
OR,2016,457191,Billion Btu
OR,2015,431350,Billion Btu
OR,2014,485600,Billion Btu
OR,2013,464024,Billion Btu
OR,2012,499534,Billion Btu
OR,2011,517200,Billion Btu
OR,2010,397788,Billion Btu
OR,2009,416479,Billion Btu
OR,2008,415254,Billion Btu
OR,2007,397326,Billion Btu
OR,2006,433651,Billion Btu
OR,2005,364534,Billion Btu
OR,2004,385096,Billion Btu
OR,2003,385219,Billion Btu
OR,2002,401491,Billion Btu
OR,2001,351088,Billion Btu
OR,2000,437913,Billion Btu
OR,1999,511188,Billion Btu
OR,1998,455462,Billion Btu
OR,1997,531821,Billion Btu
OR,1996,518947,Billion Btu
OR,1995,469164,Billion Btu
OR,1994,371346,Billion Btu
OR,1993,418080,Billion Btu
OR,1992,424764,Billion Btu
OR,1991,502821,Billion Btu
OR,1990,554563,Billion Btu
OR,1989,540346,Billion Btu
OR,1988,541864,Billion Btu
OR,1987,526399,Billion Btu
OR,1986,612360,Billion Btu
OR,1985,607232,Billion Btu
OR,1984,644766,Billion Btu
OR,1983,614386,Billion Btu
OR,1982,614175,Billion Btu
OR,1981,499664,Billion Btu
OR,1980,459978,Billion Btu
OR,1979,436189,Billion Btu
OR,1978,425750,Billion Btu
OR,1977,397686,Billion Btu
OR,1976,457596,Billion Btu
OR,1975,417411,Billion Btu
OR,1974,432867,Billion Btu
OR,1973,351043,Billion Btu
OR,1972,435930,Billion Btu
OR,1971,419311,Billion Btu
OR,1970,371350,Billion Btu
OR,1969,350230,Billion Btu
OR,1968,271743,Billion Btu
OR,1967,243110,Billion Btu
OR,1966,232649,Billion Btu
OR,1965,230410,Billion Btu
OR,1964,215793,Billion Btu
OR,1963,199225,Billion Btu
OR,1962,197646,Billion Btu
OR,1961,188915,Billion Btu
OR,1960,190489,Billion Btu
PA,2016,7887773,Billion Btu
PA,2015,7466903,Billion Btu
PA,2014,7148949,Billion Btu
PA,2013,5882640,Billion Btu
PA,2012,4738426,Billion Btu
PA,2011,3878979,Billion Btu
PA,2010,3072420,Billion Btu
PA,2009,2678366,Billion Btu
PA,2008,2754011,Billion Btu
PA,2007,2680521,Billion Btu
PA,2006,2675211,Billion Btu
PA,2005,2698967,Billion Btu
PA,2004,2738355,Billion Btu
PA,2003,2665769,Billion Btu
PA,2002,2803426,Billion Btu
PA,2001,2943769,Billion Btu
PA,2000,2994308,Billion Btu
PA,1999,3038150,Billion Btu
PA,1998,3033214,Billion Btu
PA,1997,2899144,Billion Btu
PA,1996,2769492,Billion Btu
PA,1995,2540923,Billion Btu
PA,1994,2576309,Billion Btu
PA,1993,2430780,Billion Btu
PA,1992,2707133,Billion Btu
PA,1991,2567645,Billion Btu
PA,1990,2734821,Billion Btu
PA,1989,2550426,Billion Btu
PA,1988,2524877,Billion Btu
PA,1987,2469436,Billion Btu
PA,1986,2568902,Billion Btu
PA,1985,2443585,Billion Btu
PA,1984,2565990,Billion Btu
PA,1983,2259530,Billion Btu
PA,1982,2510746,Billion Btu
PA,1981,2590734,Billion Btu
PA,1980,2754250,Billion Btu
PA,1979,2817141,Billion Btu
PA,1978,2624011,Billion Btu
PA,1977,2656280,Billion Btu
PA,1976,2693107,Billion Btu
PA,1975,2600519,Billion Btu
PA,1974,2405291,Billion Btu
PA,1973,2272244,Billion Btu
PA,1972,2334285,Billion Btu
PA,1971,2293855,Billion Btu
PA,1970,2533833,Billion Btu
PA,1969,2477570,Billion Btu
PA,1968,2441040,Billion Btu
PA,1967,2555545,Billion Btu
PA,1966,2621381,Billion Btu
PA,1965,2634472,Billion Btu
PA,1964,2589342,Billion Btu
PA,1963,2498460,Billion Btu
PA,1962,2301652,Billion Btu
PA,1961,2261652,Billion Btu
PA,1960,2391326,Billion Btu
RI,2016,4114,Billion Btu
RI,2015,4109,Billion Btu
RI,2014,4404,Billion Btu
RI,2013,2681,Billion Btu
RI,2012,2879,Billion Btu
RI,2011,3444,Billion Btu
RI,2010,3424,Billion Btu
RI,2009,3543,Billion Btu
RI,2008,2946,Billion Btu
RI,2007,2780,Billion Btu
RI,2006,2630,Billion Btu
RI,2005,879,Billion Btu
RI,2004,3846,Billion Btu
RI,2003,3787,Billion Btu
RI,2002,3699,Billion Btu
RI,2001,3898,Billion Btu
RI,2000,4520,Billion Btu
RI,1999,4403,Billion Btu
RI,1998,4197,Billion Btu
RI,1997,4347,Billion Btu
RI,1996,5562,Billion Btu
RI,1995,5079,Billion Btu
RI,1994,5066,Billion Btu
RI,1993,5181,Billion Btu
RI,1992,4840,Billion Btu
RI,1991,4585,Billion Btu
RI,1990,4499,Billion Btu
RI,1989,3806,Billion Btu
RI,1988,3528,Billion Btu
RI,1987,3302,Billion Btu
RI,1986,4653,Billion Btu
RI,1985,5081,Billion Btu
RI,1984,4946,Billion Btu
RI,1983,7401,Billion Btu
RI,1982,6053,Billion Btu
RI,1981,6645,Billion Btu
RI,1980,7287,Billion Btu
RI,1979,7124,Billion Btu
RI,1978,6577,Billion Btu
RI,1977,5295,Billion Btu
RI,1976,4704,Billion Btu
RI,1975,4050,Billion Btu
RI,1974,5023,Billion Btu
RI,1973,5108,Billion Btu
RI,1972,4934,Billion Btu
RI,1971,4851,Billion Btu
RI,1970,5268,Billion Btu
RI,1969,4428,Billion Btu
RI,1968,4266,Billion Btu
RI,1967,4150,Billion Btu
RI,1966,3771,Billion Btu
RI,1965,3561,Billion Btu
RI,1964,3533,Billion Btu
RI,1963,3221,Billion Btu
RI,1962,3139,Billion Btu
RI,1961,3011,Billion Btu
RI,1960,2951,Billion Btu
SC,2016,710358,Billion Btu
SC,2015,686045,Billion Btu
SC,2014,685012,Billion Btu
SC,2013,700910,Billion Btu
SC,2012,653840,Billion Btu
SC,2011,669349,Billion Btu
SC,2010,657887,Billion Btu
SC,2009,648429,Billion Btu
SC,2008,633034,Billion Btu
SC,2007,653011,Billion Btu
SC,2006,628681,Billion Btu
SC,2005,658748,Billion Btu
SC,2004,631351,Billion Btu
SC,2003,629249,Billion Btu
SC,2002,637467,Billion Btu
SC,2001,591367,Billion Btu
SC,2000,623170,Billion Btu
SC,1999,627968,Billion Btu
SC,1998,641492,Billion Btu
SC,1997,603327,Billion Btu
SC,1996,589421,Billion Btu
SC,1995,641366,Billion Btu
SC,1994,579392,Billion Btu
SC,1993,595393,Billion Btu
SC,1992,587462,Billion Btu
SC,1991,559611,Billion Btu
SC,1990,559868,Billion Btu
SC,1989,528627,Billion Btu
SC,1988,514420,Billion Btu
SC,1987,505923,Billion Btu
SC,1986,466664,Billion Btu
SC,1985,404650,Billion Btu
SC,1984,332214,Billion Btu
SC,1983,354360,Billion Btu
SC,1982,214820,Billion Btu
SC,1981,243288,Billion Btu
SC,1980,261030,Billion Btu
SC,1979,289748,Billion Btu
SC,1978,296747,Billion Btu
SC,1977,266529,Billion Btu
SC,1976,280539,Billion Btu
SC,1975,302097,Billion Btu
SC,1974,203301,Billion Btu
SC,1973,151111,Billion Btu
SC,1972,129188,Billion Btu
SC,1971,104730,Billion Btu
SC,1970,65140,Billion Btu
SC,1969,73251,Billion Btu
SC,1968,69381,Billion Btu
SC,1967,66271,Billion Btu
SC,1966,68551,Billion Btu
SC,1965,78226,Billion Btu
SC,1964,88026,Billion Btu
SC,1963,69832,Billion Btu
SC,1962,73455,Billion Btu
SC,1961,76284,Billion Btu
SC,1960,81969,Billion Btu
SD,2016,234526,Billion Btu
SD,2015,227130,Billion Btu
SD,2014,249137,Billion Btu
SD,2013,237030,Billion Btu
SD,2012,243435,Billion Btu
SD,2011,248494,Billion Btu
SD,2010,225510,Billion Btu
SD,2009,191129,Billion Btu
SD,2008,155819,Billion Btu
SD,2007,126148,Billion Btu
SD,2006,123693,Billion Btu
SD,2005,102808,Billion Btu
SD,2004,92723,Billion Btu
SD,2003,75918,Billion Btu
SD,2002,63264,Billion Btu
SD,2001,49691,Billion Btu
SD,2000,71314,Billion Btu
SD,1999,80564,Billion Btu
SD,1998,71472,Billion Btu
SD,1997,105290,Billion Btu
SD,1996,95485,Billion Btu
SD,1995,75271,Billion Btu
SD,1994,66965,Billion Btu
SD,1993,40263,Billion Btu
SD,1992,51570,Billion Btu
SD,1991,54098,Billion Btu
SD,1990,54866,Billion Btu
SD,1989,66136,Billion Btu
SD,1988,73093,Billion Btu
SD,1987,72713,Billion Btu
SD,1986,75446,Billion Btu
SD,1985,71685,Billion Btu
SD,1984,73511,Billion Btu
SD,1983,70236,Billion Btu
SD,1982,69312,Billion Btu
SD,1981,65375,Billion Btu
SD,1980,69403,Billion Btu
SD,1979,73636,Billion Btu
SD,1978,77846,Billion Btu
SD,1977,60799,Billion Btu
SD,1976,77423,Billion Btu
SD,1975,86697,Billion Btu
SD,1974,63259,Billion Btu
SD,1973,53129,Billion Btu
SD,1972,79609,Billion Btu
SD,1971,83910,Billion Btu
SD,1970,71113,Billion Btu
SD,1969,68335,Billion Btu
SD,1968,60912,Billion Btu
SD,1967,54570,Billion Btu
SD,1966,53056,Billion Btu
SD,1965,42866,Billion Btu
SD,1964,35078,Billion Btu
SD,1963,33031,Billion Btu
SD,1962,18232,Billion Btu
SD,1961,15196,Billion Btu
SD,1960,15866,Billion Btu
TN,2016,489650,Billion Btu
TN,2015,479072,Billion Btu
TN,2014,505397,Billion Btu
TN,2013,551253,Billion Btu
TN,2012,473054,Billion Btu
TN,2011,511186,Billion Btu
TN,2010,509393,Billion Btu
TN,2009,518586,Billion Btu
TN,2008,482365,Billion Btu
TN,2007,489761,Billion Btu
TN,2006,476871,Billion Btu
TN,2005,543466,Billion Btu
TN,2004,561169,Billion Btu
TN,2003,511002,Billion Btu
TN,2002,526516,Billion Btu
TN,2001,529706,Billion Btu
TN,2000,464215,Billion Btu
TN,1999,498129,Billion Btu
TN,1998,529550,Billion Btu
TN,1997,509140,Billion Btu
TN,1996,512947,Billion Btu
TN,1995,416393,Billion Btu
TN,1994,391608,Billion Btu
TN,1993,269548,Billion Btu
TN,1992,426799,Billion Btu
TN,1991,467007,Billion Btu
TN,1990,475365,Billion Btu
TN,1989,538388,Billion Btu
TN,1988,359942,Billion Btu
TN,1987,341748,Billion Btu
TN,1986,334524,Billion Btu
TN,1985,464327,Billion Btu
TN,1984,533095,Billion Btu
TN,1983,519810,Billion Btu
TN,1982,489846,Billion Btu
TN,1981,453710,Billion Btu
TN,1980,410631,Billion Btu
TN,1979,421332,Billion Btu
TN,1978,403661,Billion Btu
TN,1977,402678,Billion Btu
TN,1976,385042,Billion Btu
TN,1975,371050,Billion Btu
TN,1974,359687,Billion Btu
TN,1973,376109,Billion Btu
TN,1972,457040,Billion Btu
TN,1971,388305,Billion Btu
TN,1970,347124,Billion Btu
TN,1969,335115,Billion Btu
TN,1968,336718,Billion Btu
TN,1967,318963,Billion Btu
TN,1966,287103,Billion Btu
TN,1965,285439,Billion Btu
TN,1964,292122,Billion Btu
TN,1963,280926,Billion Btu
TN,1962,301330,Billion Btu
TN,1961,283981,Billion Btu
TN,1960,287803,Billion Btu
TX,2016,17079792,Billion Btu
TX,2015,18100356,Billion Btu
TX,2014,17638649,Billion Btu
TX,2013,15678239,Billion Btu
TX,2012,14196888,Billion Btu
TX,2011,12576777,Billion Btu
TX,2010,11415465,Billion Btu
TX,2009,11099823,Billion Btu
TX,2008,11330452,Billion Btu
TX,2007,10320336,Billion Btu
TX,2006,9725664,Billion Btu
TX,2005,9405375,Billion Btu
TX,2004,9180382,Billion Btu
TX,2003,9303094,Billion Btu
TX,2002,9293524,Billion Btu
TX,2001,9527360,Billion Btu
TX,2000,9703693,Billion Btu
TX,1999,9544693,Billion Btu
TX,1998,10144307,Billion Btu
TX,1997,10220538,Billion Btu
TX,1996,10268502,Billion Btu
TX,1995,10251688,Billion Btu
TX,1994,10345123,Billion Btu
TX,1993,10267738,Billion Btu
TX,1992,10479536,Billion Btu
TX,1991,10623938,Billion Btu
TX,1990,10595789,Billion Btu
TX,1989,10554375,Billion Btu
TX,1988,10878885,Billion Btu
TX,1987,10860833,Billion Btu
TX,1986,11401133,Billion Btu
TX,1985,11767792,Billion Btu
TX,1984,11842948,Billion Btu
TX,1983,11542934,Billion Btu
TX,1982,12195702,Billion Btu
TX,1981,12883301,Billion Btu
TX,1980,13313318,Billion Btu
TX,1979,13759135,Billion Btu
TX,1978,13672353,Billion Btu
TX,1977,14737917,Billion Btu
TX,1976,15146096,Billion Btu
TX,1975,15606107,Billion Btu
TX,1974,16526142,Billion Btu
TX,1973,17075213,Billion Btu
TX,1972,17233854,Billion Btu
TX,1971,16634803,Billion Btu
TX,1970,16564914,Billion Btu
TX,1969,15434106,Billion Btu
TX,1968,14940178,Billion Btu
TX,1967,14512711,Billion Btu
TX,1966,13974822,Billion Btu
TX,1965,13339085,Billion Btu
TX,1964,13142827,Billion Btu
TX,1963,12711827,Billion Btu
TX,1962,12375349,Billion Btu
TX,1961,12225380,Billion Btu
TX,1960,12075806,Billion Btu
UT,2016,920341,Billion Btu
UT,2015,1020718,Billion Btu
UT,2014,1172036,Billion Btu
UT,2013,1123007,Billion Btu
UT,2012,1118331,Billion Btu
UT,2011,1128682,Billion Btu
UT,2010,1073079,Billion Btu
UT,2009,1127555,Billion Btu
UT,2008,1169898,Billion Btu
UT,2007,1080950,Billion Btu
UT,2006,1082815,Billion Btu
UT,2005,986220,Billion Btu
UT,2004,884345,Billion Btu
UT,2003,912211,Billion Btu
UT,2002,972900,Billion Btu
UT,2001,1056722,Billion Btu
UT,2000,1039553,Billion Btu
UT,1999,1029825,Billion Btu
UT,1998,1040530,Billion Btu
UT,1997,1044515,Billion Btu
UT,1996,1048872,Billion Btu
UT,1995,997283,Billion Btu
UT,1994,1012564,Billion Btu
UT,1993,914135,Billion Btu
UT,1992,841803,Billion Btu
UT,1991,842878,Billion Btu
UT,1990,871632,Billion Btu
UT,1989,798283,Billion Btu
UT,1988,770390,Billion Btu
UT,1987,721771,Billion Btu
UT,1986,686362,Billion Btu
UT,1985,653231,Billion Btu
UT,1984,596262,Billion Btu
UT,1983,540170,Billion Btu
UT,1982,641508,Billion Btu
UT,1981,590869,Billion Btu
UT,1980,571863,Billion Btu
UT,1979,519480,Billion Btu
UT,1978,466809,Billion Btu
UT,1977,468215,Billion Btu
UT,1976,454901,Billion Btu
UT,1975,484749,Billion Btu
UT,1974,438640,Billion Btu
UT,1973,385659,Billion Btu
UT,1972,324311,Billion Btu
UT,1971,304172,Billion Btu
UT,1970,298105,Billion Btu
UT,1969,303756,Billion Btu
UT,1968,295325,Billion Btu
UT,1967,298514,Billion Btu
UT,1966,326913,Billion Btu
UT,1965,345640,Billion Btu
UT,1964,365590,Billion Btu
UT,1963,377930,Billion Btu
UT,1962,360005,Billion Btu
UT,1961,373460,Billion Btu
UT,1960,389446,Billion Btu
VT,2016,28443,Billion Btu
VT,2015,30551,Billion Btu
VT,2014,85902,Billion Btu
VT,2013,84095,Billion Btu
VT,2012,78283,Billion Btu
VT,2011,80646,Billion Btu
VT,2010,80702,Billion Btu
VT,2009,87639,Billion Btu
VT,2008,78193,Billion Btu
VT,2007,67989,Billion Btu
VT,2006,80881,Billion Btu
VT,2005,66815,Billion Btu
VT,2004,62271,Billion Btu
VT,2003,70371,Billion Btu
VT,2002,64091,Billion Btu
VT,2001,60900,Billion Btu
VT,2000,68821,Billion Btu
VT,1999,63218,Billion Btu
VT,1998,55515,Billion Btu
VT,1997,64725,Billion Btu
VT,1996,61766,Billion Btu
VT,1995,59708,Billion Btu
VT,1994,64174,Billion Btu
VT,1993,53659,Billion Btu
VT,1992,55119,Billion Btu
VT,1991,60381,Billion Btu
VT,1990,57751,Billion Btu
VT,1989,58189,Billion Btu
VT,1988,65319,Billion Btu
VT,1987,60059,Billion Btu
VT,1986,45647,Billion Btu
VT,1985,58749,Billion Btu
VT,1984,62206,Billion Btu
VT,1983,57852,Billion Btu
VT,1982,68888,Billion Btu
VT,1981,64187,Billion Btu
VT,1980,55378,Billion Btu
VT,1979,59861,Billion Btu
VT,1978,55961,Billion Btu
VT,1977,57470,Billion Btu
VT,1976,55339,Billion Btu
VT,1975,55580,Billion Btu
VT,1974,43842,Billion Btu
VT,1973,34570,Billion Btu
VT,1972,17783,Billion Btu
VT,1971,14594,Billion Btu
VT,1970,14717,Billion Btu
VT,1969,16109,Billion Btu
VT,1968,15086,Billion Btu
VT,1967,15167,Billion Btu
VT,1966,15557,Billion Btu
VT,1965,14396,Billion Btu
VT,1964,13500,Billion Btu
VT,1963,13995,Billion Btu
VT,1962,15682,Billion Btu
VT,1961,15369,Billion Btu
VT,1960,17339,Billion Btu
VA,2016,910658,Billion Btu
VA,2015,931905,Billion Btu
VA,2014,985885,Billion Btu
VA,2013,1025885,Billion Btu
VA,2012,1047354,Billion Btu
VA,2011,1087672,Billion Btu
VA,2010,1100815,Billion Btu
VA,2009,1091443,Billion Btu
VA,2008,1166053,Billion Btu
VA,2007,1175202,Billion Btu
VA,2006,1281790,Billion Btu
VA,2005,1227039,Billion Btu
VA,2004,1312037,Billion Btu
VA,2003,1339693,Billion Btu
VA,2002,1235676,Billion Btu
VA,2001,1299958,Billion Btu
VA,2000,1353571,Billion Btu
VA,1999,1345658,Billion Btu
VA,1998,1374506,Billion Btu
VA,1997,1425090,Billion Btu
VA,1996,1415647,Billion Btu
VA,1995,1355517,Billion Btu
VA,1994,1428205,Billion Btu
VA,1993,1443699,Billion Btu
VA,1992,1540031,Billion Btu
VA,1991,1503983,Billion Btu
VA,1990,1648621,Billion Btu
VA,1989,1421430,Billion Btu
VA,1988,1564786,Billion Btu
VA,1987,1489365,Billion Btu
VA,1986,1430255,Billion Btu
VA,1985,1453516,Billion Btu
VA,1984,1376564,Billion Btu
VA,1983,1237990,Billion Btu
VA,1982,1342331,Billion Btu
VA,1981,1389484,Billion Btu
VA,1980,1281987,Billion Btu
VA,1979,1141733,Billion Btu
VA,1978,1052520,Billion Btu
VA,1977,1132028,Billion Btu
VA,1976,1189016,Billion Btu
VA,1975,1059319,Billion Btu
VA,1974,1001866,Billion Btu
VA,1973,1016281,Billion Btu
VA,1972,1008832,Billion Btu
VA,1971,907281,Billion Btu
VA,1970,1025855,Billion Btu
VA,1969,1031540,Billion Btu
VA,1968,1066326,Billion Btu
VA,1967,1058430,Billion Btu
VA,1966,1030130,Billion Btu
VA,1965,987837,Billion Btu
VA,1964,920711,Billion Btu
VA,1963,890108,Billion Btu
VA,1962,864865,Billion Btu
VA,1961,887666,Billion Btu
VA,1960,824357,Billion Btu
WA,2016,1008329,Billion Btu
WA,2015,941785,Billion Btu
WA,2014,1034601,Billion Btu
WA,2013,1010659,Billion Btu
WA,2012,1114043,Billion Btu
WA,2011,1106551,Billion Btu
WA,2010,914338,Billion Btu
WA,2009,901433,Billion Btu
WA,2008,976130,Billion Btu
WA,2007,968204,Billion Btu
WA,2006,1065862,Billion Btu
WA,2005,976432,Billion Btu
WA,2004,1001254,Billion Btu
WA,2003,1006268,Billion Btu
WA,2002,1073718,Billion Btu
WA,2001,817353,Billion Btu
WA,2000,1065124,Billion Btu
WA,1999,1209409,Billion Btu
WA,1998,1047355,Billion Btu
WA,1997,1295763,Billion Btu
WA,1996,1239919,Billion Btu
WA,1995,1093387,Billion Btu
WA,1994,921648,Billion Btu
WA,1993,941503,Billion Btu
WA,1992,945935,Billion Btu
WA,1991,1134146,Billion Btu
WA,1990,1146162,Billion Btu
WA,1989,1002024,Billion Btu
WA,1988,983317,Billion Btu
WA,1987,980603,Billion Btu
WA,1986,1107104,Billion Btu
WA,1985,1074995,Billion Btu
WA,1984,1102341,Billion Btu
WA,1983,1106258,Billion Btu
WA,1982,1115936,Billion Btu
WA,1981,1172097,Billion Btu
WA,1980,1057170,Billion Btu
WA,1979,1022098,Billion Btu
WA,1978,1123772,Billion Btu
WA,1977,901856,Billion Btu
WA,1976,1144321,Billion Btu
WA,1975,1032431,Billion Btu
WA,1974,1033339,Billion Btu
WA,1973,884538,Billion Btu
WA,1972,928962,Billion Btu
WA,1971,863413,Billion Btu
WA,1970,825416,Billion Btu
WA,1969,814247,Billion Btu
WA,1968,783235,Billion Btu
WA,1967,702293,Billion Btu
WA,1966,629703,Billion Btu
WA,1965,582426,Billion Btu
WA,1964,558451,Billion Btu
WA,1963,517358,Billion Btu
WA,1962,480508,Billion Btu
WA,1961,458873,Billion Btu
WA,1960,431849,Billion Btu
WV,2016,3784831,Billion Btu
WV,2015,4106078,Billion Btu
WV,2014,4201168,Billion Btu
WV,2013,3799597,Billion Btu
WV,2012,3720572,Billion Btu
WV,2011,3820505,Billion Btu
WV,2010,3700095,Billion Btu
WV,2009,3734008,Billion Btu
WV,2008,4188949,Billion Btu
WV,2007,4155403,Billion Btu
WV,2006,4106081,Billion Btu
WV,2005,4136605,Billion Btu
WV,2004,3976697,Billion Btu
WV,2003,3765536,Billion Btu
WV,2002,4047572,Billion Btu
WV,2001,4330256,Billion Btu
WV,2000,4339126,Billion Btu
WV,1999,4242051,Billion Btu
WV,1998,4640243,Billion Btu
WV,1997,4685293,Billion Btu
WV,1996,4614977,Billion Btu
WV,1995,4457367,Billion Btu
WV,1994,4446186,Billion Btu
WV,1993,3613212,Billion Btu
WV,1992,4490303,Billion Btu
WV,1991,4648542,Billion Btu
WV,1990,4687227,Billion Btu
WV,1989,4242807,Billion Btu
WV,1988,4051513,Billion Btu
WV,1987,3792509,Billion Btu
WV,1986,3601104,Billion Btu
WV,1985,3556325,Billion Btu
WV,1984,3625392,Billion Btu
WV,1983,3195570,Billion Btu
WV,1982,3559258,Billion Btu
WV,1981,3160284,Billion Btu
WV,1980,3326436,Billion Btu
WV,1979,3106772,Billion Btu
WV,1978,2355598,Billion Btu
WV,1977,2633851,Billion Btu
WV,1976,2980817,Billion Btu
WV,1975,2980999,Billion Btu
WV,1974,2868733,Billion Btu
WV,1973,3240192,Billion Btu
WV,1972,3405069,Billion Btu
WV,1971,3289868,Billion Btu
WV,1970,3958045,Billion Btu
WV,1969,3830045,Billion Btu
WV,1968,3946521,Billion Btu
WV,1967,4117789,Billion Btu
WV,1966,4015516,Billion Btu
WV,1965,3999564,Billion Btu
WV,1964,3798034,Billion Btu
WV,1963,3577658,Billion Btu
WV,1962,3228661,Billion Btu
WV,1961,3092315,Billion Btu
WV,1960,3237864,Billion Btu
WI,2016,309813,Billion Btu
WI,2015,307426,Billion Btu
WI,2014,312549,Billion Btu
WI,2013,325599,Billion Btu
WI,2012,344205,Billion Btu
WI,2011,323588,Billion Btu
WI,2010,342572,Billion Btu
WI,2009,303439,Billion Btu
WI,2008,303547,Billion Btu
WI,2007,283921,Billion Btu
WI,2006,272282,Billion Btu
WI,2005,248416,Billion Btu
WI,2004,232711,Billion Btu
WI,2003,242769,Billion Btu
WI,2002,231538,Billion Btu
WI,2001,242017,Billion Btu
WI,2000,233384,Billion Btu
WI,1999,234332,Billion Btu
WI,1998,206741,Billion Btu
WI,1997,164284,Billion Btu
WI,1996,230164,Billion Btu
WI,1995,226815,Billion Btu
WI,1994,227126,Billion Btu
WI,1993,225024,Billion Btu
WI,1992,226270,Billion Btu
WI,1991,223493,Billion Btu
WI,1990,221357,Billion Btu
WI,1989,238459,Billion Btu
WI,1988,278706,Billion Btu
WI,1987,270951,Billion Btu
WI,1986,280195,Billion Btu
WI,1985,334387,Billion Btu
WI,1984,331981,Billion Btu
WI,1983,319059,Billion Btu
WI,1982,309127,Billion Btu
WI,1981,303842,Billion Btu
WI,1980,295424,Billion Btu
WI,1979,206051,Billion Btu
WI,1978,218985,Billion Btu
WI,1977,192382,Billion Btu
WI,1976,188020,Billion Btu
WI,1975,179422,Billion Btu
WI,1974,157765,Billion Btu
WI,1973,132712,Billion Btu
WI,1972,101193,Billion Btu
WI,1971,99388,Billion Btu
WI,1970,60038,Billion Btu
WI,1969,62804,Billion Btu
WI,1968,65830,Billion Btu
WI,1967,61003,Billion Btu
WI,1966,60892,Billion Btu
WI,1965,61690,Billion Btu
WI,1964,54980,Billion Btu
WI,1963,55114,Billion Btu
WI,1962,61695,Billion Btu
WI,1961,60619,Billion Btu
WI,1960,64968,Billion Btu
WY,2016,7518403,Billion Btu
WY,2015,9078727,Billion Btu
WY,2014,9362056,Billion Btu
WY,2013,9236921,Billion Btu
WY,2012,9612685,Billion Btu
WY,2011,10353191,Billion Btu
WY,2010,10536615,Billion Btu
WY,2009,10336858,Billion Btu
WY,2008,10886190,Billion Btu
WY,2007,10416795,Billion Btu
WY,2006,10062253,Billion Btu
WY,2005,9156148,Billion Btu
WY,2004,9002214,Billion Btu
WY,2003,8590378,Billion Btu
WY,2002,8449084,Billion Btu
WY,2001,8299346,Billion Btu
WY,2000,7495961,Billion Btu
WY,1999,7306694,Billion Btu
WY,1998,6876206,Billion Btu
WY,1997,6174129,Billion Btu
WY,1996,6040021,Billion Btu
WY,1995,5796682,Billion Btu
WY,1994,5357870,Billion Btu
WY,1993,4873001,Billion Btu
WY,1992,4817100,Billion Btu
WY,1991,4824903,Billion Btu
WY,1990,4664376,Billion Btu
WY,1989,4361366,Billion Btu
WY,1988,4111037,Billion Btu
WY,1987,3787513,Billion Btu
WY,1986,3553143,Billion Btu
WY,1985,3688642,Billion Btu
WY,1984,3598337,Billion Btu
WY,1983,3162143,Billion Btu
WY,1982,3044510,Billion Btu
WY,1981,3039457,Billion Btu
WY,1980,2898469,Billion Btu
WY,1979,2468777,Billion Btu
WY,1978,2202779,Billion Btu
WY,1977,1969220,Billion Btu
WY,1976,1692906,Billion Btu
WY,1975,1556424,Billion Btu
WY,1974,1566537,Billion Btu
WY,1973,1507152,Billion Btu
WY,1972,1430380,Billion Btu
WY,1971,1427671,Billion Btu
WY,1970,1436981,Billion Btu
WY,1969,1322803,Billion Btu
WY,1968,1185859,Billion Btu
WY,1967,1124539,Billion Btu
WY,1966,1120354,Billion Btu
WY,1965,1126993,Billion Btu
WY,1964,1123349,Billion Btu
WY,1963,1130588,Billion Btu
WY,1962,1067967,Billion Btu
WY,1961,1087858,Billion Btu
WY,1960,1018174,Billion Btu
